timestamp_utc,download_mbps,upload_mbps,ping_ms,server_name,server_country,isp,public_ip,local_hostname,machine,hour_utc,is_outlier_download,is_outlier_upload,is_outlier_ping,is_outlier_any
2026-02-11T19:09:51.779539+00:00,405.063,151.213,7.020,San José,Costa Rica,"Comunicaciones Metropolitanas METROCOM, S.A.",45.65.190.214,lenovo1,Windows-11-10.0.26200-SP0,19,0,0,0,0
2026-02-11T19:10:23.957782+00:00,17.787,34.411,6.197,San José,Costa Rica,"Comunicaciones Metropolitanas METROCOM, S.A.",45.65.190.214,lenovo1,Windows-11-10.0.26200-SP0,19,0,0,0,0
2026-02-11T19:30:40.435210+00:00,363.535,64.903,6.560,San José,Costa Rica,"Comunicaciones Metropolitanas METROCOM, S.A.",45.65.190.214,lenovo1,Windows-11-10.0.26200-SP0,19,0,0,0,0
2026-02-11T19:31:37.403596+00:00,458.942,240.850,5.977,San José,Costa Rica,"Comunicaciones Metropolitanas METROCOM, S.A.",45.65.190.214,lenovo1,Windows-11-10.0.26200-SP0,19,0,0,0,0
2026-02-11T19:32:04.011534+00:00,403.296,82.076,5.634,San José,Costa Rica,"Comunicaciones Metropolitanas METROCOM, S.A.",45.65.190.214,lenovo1,Windows-11-10.0.26200-SP0,19,0,0,0,0
2026-02-11T19:32:32.940376+00:00,363.354,39.358,6.597,San José,Costa Rica,"Comunicaciones Metropolitanas METROCOM, S.A.",45.65.190.214,lenovo1,Windows-11-10.0.26200-SP0,19,0,0,0,0
2026-02-11T19:33:08.398696+00:00,507.245,121.205,5.722,San José,Costa Rica,"Comunicaciones Metropolitanas METROCOM, S.A.",45.65.190.214,lenovo1,Windows-11-10.0.26200-SP0,19,0,0,0,0
2026-02-11T19:33:25.946150+00:00,509.789,191.804,6.355,San José,Costa Rica,"Comunicaciones Metropolitanas METROCOM, S.A.",45.65.190.214,lenovo1,Windows-11-10.0.26200-SP0,19,0,0,0,0
2026-02-11T19:33:45.444492+00:00,421.159,153.638,5.756,San José,Costa Rica,"Comunicaciones Metropolitanas METROCOM, S.A.",45.65.190.214,lenovo1,Windows-11-10.0.26200-SP0,19,0,0,0,0
2026-02-11T19:34:07.097911+00:00,420.460,110.879,6.470,San José,Costa Rica,"Comunicaciones Metropolitanas METROCOM, S.A.",45.65.190.214,lenovo1,Windows-11-10.0.26200-SP0,19,0,0,0,0
2026-02-11T19:48:39.663489+00:00,458.337,174.787,5.649,San José,Costa Rica,"Comunicaciones Metropolitanas METROCOM, S.A.",45.65.190.214,lenovo1,Windows-11-10.0.26200-SP0,19,0,0,0,0
2026-02-11T19:49:18.409885+00:00,424.954,13.560,9.632,San José,Costa Rica,"Comunicaciones Metropolitanas METROCOM, S.A.",45.65.190.214,lenovo1,Windows-11-10.0.26200-SP0,19,0,0,0,0
2026-02-11T19:49:44.662683+00:00,372.706,184.929,6.358,San José,Costa Rica,"Comunicaciones Metropolitanas METROCOM, S.A.",45.65.190.214,lenovo1,Windows-11-10.0.26200-SP0,19,0,0,0,0
2026-02-11T19:50:10.129653+00:00,394.497,192.381,6.123,San José,Costa Rica,"Comunicaciones Metropolitanas METROCOM, S.A.",45.65.190.214,lenovo1,Windows-11-10.0.26200-SP0,19,0,0,0,0
2026-02-11T19:50:36.683808+00:00,441.818,151.033,5.921,San José,Costa Rica,"Comunicaciones Metropolitanas METROCOM, S.A.",45.65.190.214,lenovo1,Windows-11-10.0.26200-SP0,19,0,0,0,0
2026-02-11T20:05:39.934676+00:00,369.165,203.685,13.416,San José,Costa Rica,"Comunicaciones Metropolitanas METROCOM, S.A.",45.65.190.214,lenovo1,Windows-11-10.0.26200-SP0,20,0,0,0,0
2026-02-11T20:06:00.255508+00:00,297.518,72.855,7.991,San José,Costa Rica,"Comunicaciones Metropolitanas METROCOM, S.A.",45.65.190.214,lenovo1,Windows-11-10.0.26200-SP0,20,0,0,0,0
2026-02-11T20:06:09.684482+00:00,205.054,158.446,32.084,San José,Costa Rica,"Comunicaciones Metropolitanas METROCOM, S.A.",45.65.190.214,lenovo1,Windows-11-10.0.26200-SP0,20,0,0,1,1
2026-02-11T20:06:18.377489+00:00,261.715,18.206,18.539,San José,Costa Rica,"Comunicaciones Metropolitanas METROCOM, S.A.",45.65.190.214,lenovo1,Windows-11-10.0.26200-SP0,20,0,0,0,0
2026-02-11T20:06:18.570700+00:00,81.128,1.670,20.415,San José,Costa Rica,"Comunicaciones Metropolitanas METROCOM, S.A.",45.65.190.214,lenovo1,Windows-11-10.0.26200-SP0,20,0,0,1,1
2026-02-11T20:06:48.403120+00:00,81.607,48.255,6.865,San José,Costa Rica,"Comunicaciones Metropolitanas METROCOM, S.A.",45.65.190.214,lenovo1,Windows-11-10.0.26200-SP0,20,0,0,0,0
2026-02-11T20:07:00.349368+00:00,163.817,110.665,8.051,San José,Costa Rica,"Comunicaciones Metropolitanas METROCOM, S.A.",45.65.190.214,lenovo1,Windows-11-10.0.26200-SP0,20,0,0,0,0
2026-02-11T20:07:01.520279+00:00,320.873,98.937,11.981,San José,Costa Rica,"Comunicaciones Metropolitanas METROCOM, S.A.",45.65.190.214,lenovo1,Windows-11-10.0.26200-SP0,20,0,0,0,0
2026-02-11T20:07:19.260577+00:00,204.603,174.760,16.648,San José,Costa Rica,"Comunicaciones Metropolitanas METROCOM, S.A.",45.65.190.214,lenovo1,Windows-11-10.0.26200-SP0,20,0,0,0,0
2026-02-11T20:07:31.871561+00:00,72.219,55.471,8.790,San José,Costa Rica,"Comunicaciones Metropolitanas METROCOM, S.A.",45.65.190.214,lenovo1,Windows-11-10.0.26200-SP0,20,0,0,0,0
2026-02-11T20:07:39.102261+00:00,187.137,129.806,11.680,San José,Costa Rica,"Comunicaciones Metropolitanas METROCOM, S.A.",45.65.190.214,lenovo1,Windows-11-10.0.26200-SP0,20,0,0,0,0
2026-02-11T20:07:39.206023+00:00,131.086,128.204,11.397,San José,Costa Rica,"Comunicaciones Metropolitanas METROCOM, S.A.",45.65.190.214,lenovo1,Windows-11-10.0.26200-SP0,20,0,0,0,0
2026-02-11T20:08:23.795466+00:00,229.933,96.871,5.701,San José,Costa Rica,"Comunicaciones Metropolitanas METROCOM, S.A.",45.65.190.214,lenovo1,Windows-11-10.0.26200-SP0,20,0,0,0,0
2026-02-11T20:08:23.904118+00:00,166.637,119.677,8.461,San José,Costa Rica,"Comunicaciones Metropolitanas METROCOM, S.A.",45.65.190.214,lenovo1,Windows-11-10.0.26200-SP0,20,0,0,0,0
2026-02-11T20:08:38.754038+00:00,20.250,38.328,9.460,San José,Costa Rica,"Comunicaciones Metropolitanas METROCOM, S.A.",45.65.190.214,lenovo1,Windows-11-10.0.26200-SP0,20,0,0,0,0
2026-02-11T20:08:42.680023+00:00,301.764,106.507,15.626,San José,Costa Rica,"Comunicaciones Metropolitanas METROCOM, S.A.",45.65.190.214,lenovo1,Windows-11-10.0.26200-SP0,20,0,0,0,0
2026-02-11T20:08:56.305745+00:00,197.885,61.988,17.973,San José,Costa Rica,"Comunicaciones Metropolitanas METROCOM, S.A.",45.65.190.214,lenovo1,Windows-11-10.0.26200-SP0,20,0,0,0,0
2026-02-11T20:08:58.935381+00:00,301.691,145.415,7.906,San José,Costa Rica,"Comunicaciones Metropolitanas METROCOM, S.A.",45.65.190.214,lenovo1,Windows-11-10.0.26200-SP0,20,0,0,0,0
2026-02-11T20:09:02.745582+00:00,44.616,79.552,7.241,San José,Costa Rica,"Comunicaciones Metropolitanas METROCOM, S.A.",45.65.190.214,lenovo1,Windows-11-10.0.26200-SP0,20,0,0,0,0
2026-02-11T20:09:49.089070+00:00,65.707,26.519,10.831,San José,Costa Rica,"Comunicaciones Metropolitanas METROCOM, S.A.",45.65.190.214,lenovo1,Windows-11-10.0.26200-SP0,20,0,0,0,0
2026-02-11T20:09:49.472569+00:00,16.630,18.529,12.960,San José,Costa Rica,"Comunicaciones Metropolitanas METROCOM, S.A.",45.65.190.214,lenovo1,Windows-11-10.0.26200-SP0,20,0,0,0,0
2026-02-11T20:10:06.062046+00:00,108.890,72.007,51.218,San José,Costa Rica,"Comunicaciones Metropolitanas METROCOM, S.A.",45.65.190.214,lenovo1,Windows-11-10.0.26200-SP0,20,0,0,1,1
2026-02-11T20:10:10.572910+00:00,55.638,7.813,43.670,San José,Costa Rica,"Comunicaciones Metropolitanas METROCOM, S.A.",45.65.190.214,lenovo1,Windows-11-10.0.26200-SP0,20,0,0,1,1
2026-02-11T20:10:22.388290+00:00,104.028,55.059,38.445,San José,Costa Rica,"Comunicaciones Metropolitanas METROCOM, S.A.",45.65.190.214,lenovo1,Windows-11-10.0.26200-SP0,20,0,0,1,1
2026-02-11T20:10:25.500633+00:00,2.915,11.479,12.192,San José,Costa Rica,"Comunicaciones Metropolitanas METROCOM, S.A.",45.65.190.214,lenovo1,Windows-11-10.0.26200-SP0,20,0,0,0,0
2026-02-11T20:10:27.376337+00:00,124.787,65.908,43.453,San José,Costa Rica,"Comunicaciones Metropolitanas METROCOM, S.A.",45.65.190.214,lenovo1,Windows-11-10.0.26200-SP0,20,0,0,1,1
2026-02-11T20:11:07.770143+00:00,142.046,181.946,5.864,San José,Costa Rica,"Comunicaciones Metropolitanas METROCOM, S.A.",45.65.190.214,lenovo1,Windows-11-10.0.26200-SP0,20,0,0,0,0
2026-02-11T20:11:08.100302+00:00,219.848,158.274,5.803,San José,Costa Rica,"Comunicaciones Metropolitanas METROCOM, S.A.",45.65.190.214,lenovo1,Windows-11-10.0.26200-SP0,20,0,0,0,0
2026-02-11T20:51:50.436586+00:00,376.848,43.952,6.386,San José,Costa Rica,"Comunicaciones Metropolitanas METROCOM, S.A.",45.65.190.214,lenovo1,Windows-11-10.0.26200-SP0,20,0,0,0,0
2026-02-11T20:52:14.562344+00:00,459.512,139.766,5.866,San José,Costa Rica,"Comunicaciones Metropolitanas METROCOM, S.A.",45.65.190.214,lenovo1,Windows-11-10.0.26200-SP0,20,0,0,0,0
2026-02-11T20:52:43.657728+00:00,21.739,56.422,5.898,San José,Costa Rica,"Comunicaciones Metropolitanas METROCOM, S.A.",45.65.190.214,lenovo1,Windows-11-10.0.26200-SP0,20,0,0,0,0
2026-02-11T20:53:05.740897+00:00,452.323,141.479,6.029,San José,Costa Rica,"Comunicaciones Metropolitanas METROCOM, S.A.",45.65.190.214,lenovo1,Windows-11-10.0.26200-SP0,20,0,0,0,0
2026-02-11T20:53:24.651032+00:00,447.381,232.626,6.136,San José,Costa Rica,"Comunicaciones Metropolitanas METROCOM, S.A.",45.65.190.214,lenovo1,Windows-11-10.0.26200-SP0,20,0,0,0,0
2026-02-11T20:54:07.738406+00:00,296.687,22.837,5.782,San José,Costa Rica,"Comunicaciones Metropolitanas METROCOM, S.A.",45.65.190.214,lenovo1,Windows-11-10.0.26200-SP0,20,0,0,0,0
2026-02-11T20:54:27.369396+00:00,480.179,197.093,8.314,San José,Costa Rica,"Comunicaciones Metropolitanas METROCOM, S.A.",45.65.190.214,lenovo1,Windows-11-10.0.26200-SP0,20,0,0,0,0
2026-02-11T20:54:54.488017+00:00,82.289,75.603,6.227,San José,Costa Rica,"Comunicaciones Metropolitanas METROCOM, S.A.",45.65.190.214,lenovo1,Windows-11-10.0.26200-SP0,20,0,0,0,0
2026-02-11T20:55:28.914835+00:00,132.555,263.388,5.888,San José,Costa Rica,"Comunicaciones Metropolitanas METROCOM, S.A.",45.65.190.214,lenovo1,Windows-11-10.0.26200-SP0,20,0,0,0,0
2026-02-11T20:55:55.525079+00:00,89.070,71.673,6.824,San José,Costa Rica,"Comunicaciones Metropolitanas METROCOM, S.A.",45.65.190.214,lenovo1,Windows-11-10.0.26200-SP0,20,0,0,0,0
2026-02-11T20:56:19.980280+00:00,21.787,152.109,5.539,San José,Costa Rica,"Comunicaciones Metropolitanas METROCOM, S.A.",45.65.190.214,lenovo1,Windows-11-10.0.26200-SP0,20,0,0,0,0
2026-02-11T20:57:04.894664+00:00,323.955,36.994,5.563,San José,Costa Rica,"Comunicaciones Metropolitanas METROCOM, S.A.",45.65.190.214,lenovo1,Windows-11-10.0.26200-SP0,20,0,0,0,0
2026-02-11T20:57:41.224773+00:00,446.354,79.547,5.617,San José,Costa Rica,"Comunicaciones Metropolitanas METROCOM, S.A.",45.65.190.214,lenovo1,Windows-11-10.0.26200-SP0,20,0,0,0,0
2026-02-11T20:58:10.001486+00:00,95.317,83.500,5.484,San José,Costa Rica,"Comunicaciones Metropolitanas METROCOM, S.A.",45.65.190.214,lenovo1,Windows-11-10.0.26200-SP0,20,0,0,0,0
2026-02-11T20:58:36.320735+00:00,414.315,114.268,6.135,San José,Costa Rica,"Comunicaciones Metropolitanas METROCOM, S.A.",45.65.190.214,lenovo1,Windows-11-10.0.26200-SP0,20,0,0,0,0
2026-02-11T20:59:03.071856+00:00,96.582,84.727,6.004,San José,Costa Rica,"Comunicaciones Metropolitanas METROCOM, S.A.",45.65.190.214,lenovo1,Windows-11-10.0.26200-SP0,20,0,0,0,0
2026-02-11T21:24:45.342210+00:00,358.752,161.731,6.539,San José,Costa Rica,"Comunicaciones Metropolitanas METROCOM, S.A.",45.65.190.214,lenovo1,Windows-11-10.0.26200-SP0,21,0,0,0,0
2026-02-11T21:25:11.555530+00:00,97.504,65.387,6.181,San José,Costa Rica,"Comunicaciones Metropolitanas METROCOM, S.A.",45.65.190.214,lenovo1,Windows-11-10.0.26200-SP0,21,0,0,0,0
2026-02-11T21:25:45.461885+00:00,340.984,3.328,6.016,San José,Costa Rica,"Comunicaciones Metropolitanas METROCOM, S.A.",45.65.190.214,lenovo1,Windows-11-10.0.26200-SP0,21,0,0,0,0
2026-02-11T21:26:08.803047+00:00,368.458,151.365,5.703,San José,Costa Rica,"Comunicaciones Metropolitanas METROCOM, S.A.",45.65.190.214,lenovo1,Windows-11-10.0.26200-SP0,21,0,0,0,0
2026-02-11T21:26:39.270076+00:00,68.555,72.279,20.224,San José,Costa Rica,"Comunicaciones Metropolitanas METROCOM, S.A.",45.65.190.214,lenovo1,Windows-11-10.0.26200-SP0,21,0,0,0,0
2026-02-11T21:27:11.000715+00:00,89.207,52.570,8.886,San José,Costa Rica,"Comunicaciones Metropolitanas METROCOM, S.A.",45.65.190.214,lenovo1,Windows-11-10.0.26200-SP0,21,0,0,0,0
2026-02-11T21:27:44.453749+00:00,451.219,2.670,7.946,San José,Costa Rica,"Comunicaciones Metropolitanas METROCOM, S.A.",45.65.190.214,lenovo1,Windows-11-10.0.26200-SP0,21,0,0,0,0
2026-02-11T21:28:14.254752+00:00,387.747,1.942,5.360,San José,Costa Rica,"Comunicaciones Metropolitanas METROCOM, S.A.",45.65.190.214,lenovo1,Windows-11-10.0.26200-SP0,21,0,0,0,0
2026-02-11T21:28:38.044534+00:00,504.585,47.227,5.851,San José,Costa Rica,"Comunicaciones Metropolitanas METROCOM, S.A.",45.65.190.214,lenovo1,Windows-11-10.0.26200-SP0,21,0,0,0,0
2026-02-11T21:29:08.488838+00:00,85.181,61.856,5.934,San José,Costa Rica,"Comunicaciones Metropolitanas METROCOM, S.A.",45.65.190.214,lenovo1,Windows-11-10.0.26200-SP0,21,0,0,0,0
2026-02-11T21:29:29.537791+00:00,486.064,175.738,7.712,San José,Costa Rica,"Comunicaciones Metropolitanas METROCOM, S.A.",45.65.190.214,lenovo1,Windows-11-10.0.26200-SP0,21,0,0,0,0
2026-02-11T21:29:56.746638+00:00,347.017,72.797,5.833,San José,Costa Rica,"Comunicaciones Metropolitanas METROCOM, S.A.",45.65.190.214,lenovo1,Windows-11-10.0.26200-SP0,21,0,0,0,0
2026-02-11T21:35:20.120567+00:00,472.162,151.512,176.460,San José,Costa Rica,"Comunicaciones Metropolitanas METROCOM, S.A.",45.65.190.214,lenovo1,Windows-11-10.0.26200-SP0,21,0,0,1,1
2026-02-11T21:36:46.375715+00:00,287.872,137.747,18.346,San José,Costa Rica,"Comunicaciones Metropolitanas METROCOM, S.A.",45.65.190.214,lenovo1,Windows-11-10.0.26200-SP0,21,0,0,0,0
2026-02-11T21:43:47.662765+00:00,412.309,17.335,6.129,San José,Costa Rica,"Comunicaciones Metropolitanas METROCOM, S.A.",45.65.190.214,lenovo1,Windows-11-10.0.26200-SP0,21,0,0,0,0
2026-02-11T21:44:16.014078+00:00,88.331,85.978,5.644,San José,Costa Rica,"Comunicaciones Metropolitanas METROCOM, S.A.",45.65.190.214,lenovo1,Windows-11-10.0.26200-SP0,21,0,0,0,0
2026-02-11T21:44:36.119309+00:00,446.301,181.563,6.425,San José,Costa Rica,"Comunicaciones Metropolitanas METROCOM, S.A.",45.65.190.214,lenovo1,Windows-11-10.0.26200-SP0,21,0,0,0,0
2026-02-11T21:45:03.011848+00:00,341.168,147.051,5.982,San José,Costa Rica,"Comunicaciones Metropolitanas METROCOM, S.A.",45.65.190.214,lenovo1,Windows-11-10.0.26200-SP0,21,0,0,0,0
2026-02-11T21:45:39.164854+00:00,142.758,10.739,5.655,San José,Costa Rica,"Comunicaciones Metropolitanas METROCOM, S.A.",45.65.190.214,lenovo1,Windows-11-10.0.26200-SP0,21,0,0,0,0
2026-02-11T21:50:00.975604+00:00,360.266,30.194,6.772,San José,Costa Rica,"Comunicaciones Metropolitanas METROCOM, S.A.",45.65.190.214,lenovo1,Windows-11-10.0.26200-SP0,21,0,0,0,0
2026-02-11T21:50:35.421479+00:00,379.745,33.407,6.328,San José,Costa Rica,"Comunicaciones Metropolitanas METROCOM, S.A.",45.65.190.214,lenovo1,Windows-11-10.0.26200-SP0,21,0,0,0,0
2026-02-11T21:51:59.759862+00:00,312.160,168.488,5.694,San José,Costa Rica,"Comunicaciones Metropolitanas METROCOM, S.A.",45.65.190.214,lenovo1,Windows-11-10.0.26200-SP0,21,0,0,0,0
2026-02-11T21:52:32.430012+00:00,42.853,79.038,5.971,San José,Costa Rica,"Comunicaciones Metropolitanas METROCOM, S.A.",45.65.190.214,lenovo1,Windows-11-10.0.26200-SP0,21,0,0,0,0
2026-02-11T21:52:59.806395+00:00,84.440,44.999,6.016,San José,Costa Rica,"Comunicaciones Metropolitanas METROCOM, S.A.",45.65.190.214,lenovo1,Windows-11-10.0.26200-SP0,21,0,0,0,0
2026-02-11T22:00:02.132442+00:00,444.115,176.891,13.323,San José,Costa Rica,"Comunicaciones Metropolitanas METROCOM, S.A.",45.65.190.214,lenovo1,Windows-11-10.0.26200-SP0,22,0,0,0,0
2026-02-11T22:04:19.485346+00:00,94.464,76.024,6.256,San José,Costa Rica,"Comunicaciones Metropolitanas METROCOM, S.A.",45.65.190.214,lenovo1,Windows-11-10.0.26200-SP0,22,0,0,0,0
2026-02-11T22:05:40.997785+00:00,99.054,121.699,5.745,San José,Costa Rica,"Comunicaciones Metropolitanas METROCOM, S.A.",45.65.190.214,lenovo1,Windows-11-10.0.26200-SP0,22,0,0,0,0
2026-02-12T00:06:24.785608+00:00,59.079,13.672,210.784,San José,Costa Rica,"Comunicaciones Metropolitanas METROCOM, S.A.",45.65.190.214,lenovo1,Windows-11-10.0.26200-SP0,0,0,0,1,1
2026-02-12T00:07:29.803364+00:00,54.456,1.255,185.695,San José,Costa Rica,"Comunicaciones Metropolitanas METROCOM, S.A.",45.65.190.214,lenovo1,Windows-11-10.0.26200-SP0,0,0,0,1,1
2026-02-12T00:08:27.686633+00:00,152.643,7.435,6.611,San José,Costa Rica,"Comunicaciones Metropolitanas METROCOM, S.A.",45.65.190.214,lenovo1,Windows-11-10.0.26200-SP0,0,0,0,0,0
2026-02-12T00:09:18.432915+00:00,202.460,0.835,6.832,San José,Costa Rica,"Comunicaciones Metropolitanas METROCOM, S.A.",45.65.190.214,lenovo1,Windows-11-10.0.26200-SP0,0,0,0,0,0
2026-02-12T00:10:00.654050+00:00,15.121,40.820,30.050,San José,Costa Rica,"Comunicaciones Metropolitanas METROCOM, S.A.",45.65.190.214,lenovo1,Windows-11-10.0.26200-SP0,0,0,0,1,1
2026-02-12T00:17:07.258372+00:00,30.213,1.045,188.035,San José,Costa Rica,"Comunicaciones Metropolitanas METROCOM, S.A.",45.65.190.214,lenovo1,Windows-11-10.0.26200-SP0,0,0,0,1,1
2026-02-12T00:17:55.380046+00:00,337.888,2.223,25.291,San José,Costa Rica,"Comunicaciones Metropolitanas METROCOM, S.A.",45.65.190.214,lenovo1,Windows-11-10.0.26200-SP0,0,0,0,1,1
2026-02-12T00:18:38.459490+00:00,261.825,37.155,17.751,San José,Costa Rica,"Comunicaciones Metropolitanas METROCOM, S.A.",45.65.190.214,lenovo1,Windows-11-10.0.26200-SP0,0,0,0,0,0
2026-02-12T00:50:46.906894+00:00,95.807,3.871,187.455,San José,Costa Rica,"Comunicaciones Metropolitanas METROCOM, S.A.",45.65.190.214,lenovo1,Windows-11-10.0.26200-SP0,0,0,0,1,1
2026-02-12T00:51:47.849654+00:00,0.599,1.664,13.720,San José,Costa Rica,"Comunicaciones Metropolitanas METROCOM, S.A.",45.65.190.214,lenovo1,Windows-11-10.0.26200-SP0,0,0,0,0,0
2026-02-12T01:05:25.771622+00:00,13.767,6.576,20.875,San José,Costa Rica,"Comunicaciones Metropolitanas METROCOM, S.A.",45.65.190.214,lenovo1,Windows-11-10.0.26200-SP0,1,0,0,1,1
2026-02-12T01:07:21.983083+00:00,39.448,4.253,9.267,San José,Costa Rica,"Comunicaciones Metropolitanas METROCOM, S.A.",45.65.190.214,lenovo1,Windows-11-10.0.26200-SP0,1,0,0,0,0
2026-02-12T01:09:31.419012+00:00,0.696,9.579,72.987,San José,Costa Rica,"Comunicaciones Metropolitanas METROCOM, S.A.",45.65.190.214,lenovo1,Windows-11-10.0.26200-SP0,1,0,0,1,1
2026-02-12T01:18:27.953279+00:00,25.638,12.295,49.524,San José,Costa Rica,"Comunicaciones Metropolitanas METROCOM, S.A.",45.65.190.214,lenovo1,Windows-11-10.0.26200-SP0,1,0,0,1,1
2026-02-12T01:19:17.123133+00:00,0.933,10.262,180.333,San José,Costa Rica,"Comunicaciones Metropolitanas METROCOM, S.A.",45.65.190.214,lenovo1,Windows-11-10.0.26200-SP0,1,0,0,1,1
2026-02-12T01:34:05.094933+00:00,14.762,5.074,59.449,San José,Costa Rica,"Comunicaciones Metropolitanas METROCOM, S.A.",45.65.190.214,lenovo1,Windows-11-10.0.26200-SP0,1,0,0,1,1
2026-02-12T01:35:30.064254+00:00,32.880,2.537,43.312,San José,Costa Rica,"Comunicaciones Metropolitanas METROCOM, S.A.",45.65.190.214,lenovo1,Windows-11-10.0.26200-SP0,1,0,0,1,1
2026-02-12T01:48:23.446070+00:00,1.248,6.757,10.682,San José,Costa Rica,"Comunicaciones Metropolitanas METROCOM, S.A.",45.65.190.214,lenovo1,Windows-11-10.0.26200-SP0,1,0,0,0,0
2026-02-12T02:04:38.895969+00:00,2.966,1.576,22.270,San José,Costa Rica,"Comunicaciones Metropolitanas METROCOM, S.A.",45.65.190.214,lenovo1,Windows-11-10.0.26200-SP0,2,0,0,1,1
2026-02-12T02:06:48.355614+00:00,3.912,10.655,23.987,San José,Costa Rica,"Comunicaciones Metropolitanas METROCOM, S.A.",45.65.190.214,lenovo1,Windows-11-10.0.26200-SP0,2,0,0,1,1
2026-02-12T02:13:30.265240+00:00,1.994,5.683,515.269,San José,Costa Rica,"Comunicaciones Metropolitanas METROCOM, S.A.",45.65.190.214,lenovo1,Windows-11-10.0.26200-SP0,2,0,0,1,1
2026-02-12T02:19:40.622450+00:00,15.117,28.030,187.183,San José,Costa Rica,"Comunicaciones Metropolitanas METROCOM, S.A.",45.65.190.214,lenovo1,Windows-11-10.0.26200-SP0,2,0,0,1,1
2026-02-12T02:21:51.926606+00:00,27.712,8.910,188.620,San José,Costa Rica,"Comunicaciones Metropolitanas METROCOM, S.A.",45.65.190.214,lenovo1,Windows-11-10.0.26200-SP0,2,0,0,1,1
2026-02-12T02:24:11.664812+00:00,0.884,2.500,20.032,San José,Costa Rica,"Comunicaciones Metropolitanas METROCOM, S.A.",45.65.190.214,lenovo1,Windows-11-10.0.26200-SP0,2,0,0,0,0
2026-02-12T02:24:57.379600+00:00,17.721,15.650,176.624,San José,Costa Rica,"Comunicaciones Metropolitanas METROCOM, S.A.",45.65.190.214,lenovo1,Windows-11-10.0.26200-SP0,2,0,0,1,1
2026-02-12T02:32:28.996477+00:00,1.450,3.889,22.580,San José,Costa Rica,"Comunicaciones Metropolitanas METROCOM, S.A.",45.65.190.214,lenovo1,Windows-11-10.0.26200-SP0,2,0,0,1,1
2026-02-12T02:34:20.086736+00:00,75.174,2.447,183.356,San José,Costa Rica,"Comunicaciones Metropolitanas METROCOM, S.A.",45.65.190.214,lenovo1,Windows-11-10.0.26200-SP0,2,0,0,1,1
2026-02-12T02:36:41.129665+00:00,11.091,3.910,180.403,San José,Costa Rica,"Comunicaciones Metropolitanas METROCOM, S.A.",45.65.190.214,lenovo1,Windows-11-10.0.26200-SP0,2,0,0,1,1
2026-02-12T02:37:51.821073+00:00,1.089,1.948,18.900,San José,Costa Rica,"Comunicaciones Metropolitanas METROCOM, S.A.",45.65.190.214,lenovo1,Windows-11-10.0.26200-SP0,2,0,0,0,0
2026-02-12T02:38:56.752259+00:00,1.487,30.245,18.374,San José,Costa Rica,"Comunicaciones Metropolitanas METROCOM, S.A.",45.65.190.214,lenovo1,Windows-11-10.0.26200-SP0,2,0,0,0,0
2026-02-12T15:26:32.227034+00:00,51.535,49.422,8.177,San José,Costa Rica,"Comunicaciones Metropolitanas METROCOM, S.A.",45.65.190.214,lenovo1,Windows-11-10.0.26200-SP0,15,0,0,0,0
2026-02-12T15:26:52.633523+00:00,222.062,77.579,18.112,San José,Costa Rica,"Comunicaciones Metropolitanas METROCOM, S.A.",45.65.190.214,lenovo1,Windows-11-10.0.26200-SP0,15,0,0,0,0
2026-02-12T15:26:59.947134+00:00,242.404,143.090,31.919,San José,Costa Rica,"Comunicaciones Metropolitanas METROCOM, S.A.",45.65.190.214,lenovo1,Windows-11-10.0.26200-SP0,15,0,0,1,1
2026-02-12T15:27:29.954841+00:00,282.707,40.884,9.581,San José,Costa Rica,"Comunicaciones Metropolitanas METROCOM, S.A.",45.65.190.214,lenovo1,Windows-11-10.0.26200-SP0,15,0,0,0,0
2026-02-12T15:28:09.568155+00:00,64.798,15.571,8.903,San José,Costa Rica,"Comunicaciones Metropolitanas METROCOM, S.A.",45.65.190.214,lenovo1,Windows-11-10.0.26200-SP0,15,0,0,0,0
2026-02-12T15:28:15.478230+00:00,312.275,120.529,13.744,San José,Costa Rica,"Comunicaciones Metropolitanas METROCOM, S.A.",45.65.190.214,lenovo1,Windows-11-10.0.26200-SP0,15,0,0,0,0
2026-02-12T15:28:38.128454+00:00,360.467,88.683,13.102,San José,Costa Rica,"Comunicaciones Metropolitanas METROCOM, S.A.",45.65.190.214,lenovo1,Windows-11-10.0.26200-SP0,15,0,0,0,0
2026-02-12T15:29:17.847710+00:00,94.981,2.035,15.189,San José,Costa Rica,"Comunicaciones Metropolitanas METROCOM, S.A.",45.65.190.214,lenovo1,Windows-11-10.0.26200-SP0,15,0,0,0,0
2026-02-12T15:29:37.958409+00:00,312.658,70.489,13.816,San José,Costa Rica,"Comunicaciones Metropolitanas METROCOM, S.A.",45.65.190.214,lenovo1,Windows-11-10.0.26200-SP0,15,0,0,0,0
2026-02-12T15:29:44.897187+00:00,219.213,133.937,9.747,San José,Costa Rica,"Comunicaciones Metropolitanas METROCOM, S.A.",45.65.190.214,lenovo1,Windows-11-10.0.26200-SP0,15,0,0,0,0
2026-02-12T15:30:10.020632+00:00,461.916,120.973,6.899,San José,Costa Rica,"Comunicaciones Metropolitanas METROCOM, S.A.",45.65.190.214,lenovo1,Windows-11-10.0.26200-SP0,15,0,0,0,0
2026-02-12T15:30:39.051842+00:00,168.211,73.387,12.153,San José,Costa Rica,"Comunicaciones Metropolitanas METROCOM, S.A.",45.65.190.214,lenovo1,Windows-11-10.0.26200-SP0,15,0,0,0,0
2026-02-12T15:31:01.207663+00:00,178.850,68.323,12.448,San José,Costa Rica,"Comunicaciones Metropolitanas METROCOM, S.A.",45.65.190.214,lenovo1,Windows-11-10.0.26200-SP0,15,0,0,0,0
2026-02-12T15:31:08.037416+00:00,124.062,117.853,21.952,San José,Costa Rica,"Comunicaciones Metropolitanas METROCOM, S.A.",45.65.190.214,lenovo1,Windows-11-10.0.26200-SP0,15,0,0,1,1
2026-02-12T15:31:35.902541+00:00,61.033,17.243,6.344,San José,Costa Rica,"Comunicaciones Metropolitanas METROCOM, S.A.",45.65.190.214,lenovo1,Windows-11-10.0.26200-SP0,15,0,0,0,0
2026-02-12T15:33:24.041762+00:00,119.358,168.390,12.284,San José,Costa Rica,"Comunicaciones Metropolitanas METROCOM, S.A.",45.65.190.214,lenovo1,Windows-11-10.0.26200-SP0,15,0,0,0,0
2026-02-12T15:33:52.700632+00:00,276.717,102.520,6.492,San José,Costa Rica,"Comunicaciones Metropolitanas METROCOM, S.A.",45.65.190.214,lenovo1,Windows-11-10.0.26200-SP0,15,0,0,0,0
2026-02-12T15:34:25.497537+00:00,196.730,102.737,37.935,San José,Costa Rica,"Comunicaciones Metropolitanas METROCOM, S.A.",45.65.190.214,lenovo1,Windows-11-10.0.26200-SP0,15,0,0,1,1
2026-02-12T15:34:55.009352+00:00,196.880,82.625,15.484,San José,Costa Rica,"Comunicaciones Metropolitanas METROCOM, S.A.",45.65.190.214,lenovo1,Windows-11-10.0.26200-SP0,15,0,0,0,0
2026-02-12T15:35:25.071383+00:00,303.539,82.130,13.616,San José,Costa Rica,"Comunicaciones Metropolitanas METROCOM, S.A.",45.65.190.214,lenovo1,Windows-11-10.0.26200-SP0,15,0,0,0,0
2026-02-12T15:35:54.035237+00:00,138.272,132.240,22.883,San José,Costa Rica,"Comunicaciones Metropolitanas METROCOM, S.A.",45.65.190.214,lenovo1,Windows-11-10.0.26200-SP0,15,0,0,1,1
2026-02-12T15:36:19.368721+00:00,301.571,171.309,6.296,San José,Costa Rica,"Comunicaciones Metropolitanas METROCOM, S.A.",45.65.190.214,lenovo1,Windows-11-10.0.26200-SP0,15,0,0,0,0
2026-02-12T15:36:55.692201+00:00,61.436,73.981,25.618,San José,Costa Rica,"Comunicaciones Metropolitanas METROCOM, S.A.",45.65.190.214,lenovo1,Windows-11-10.0.26200-SP0,15,0,0,1,1
2026-02-12T15:37:24.239376+00:00,191.150,97.486,13.004,San José,Costa Rica,"Comunicaciones Metropolitanas METROCOM, S.A.",45.65.190.214,lenovo1,Windows-11-10.0.26200-SP0,15,0,0,0,0
2026-02-12T15:37:54.955590+00:00,123.216,111.817,13.019,San José,Costa Rica,"Comunicaciones Metropolitanas METROCOM, S.A.",45.65.190.214,lenovo1,Windows-11-10.0.26200-SP0,15,0,0,0,0
2026-02-12T15:38:23.281920+00:00,279.399,113.829,9.798,San José,Costa Rica,"Comunicaciones Metropolitanas METROCOM, S.A.",45.65.190.214,lenovo1,Windows-11-10.0.26200-SP0,15,0,0,0,0
2026-02-12T15:38:55.901836+00:00,83.944,72.730,20.708,San José,Costa Rica,"Comunicaciones Metropolitanas METROCOM, S.A.",45.65.190.214,lenovo1,Windows-11-10.0.26200-SP0,15,0,0,1,1
2026-02-12T15:39:24.981119+00:00,225.901,23.168,11.648,San José,Costa Rica,"Comunicaciones Metropolitanas METROCOM, S.A.",45.65.190.214,lenovo1,Windows-11-10.0.26200-SP0,15,0,0,0,0
2026-02-12T15:39:56.751131+00:00,10.363,17.679,15.791,San José,Costa Rica,"Comunicaciones Metropolitanas METROCOM, S.A.",45.65.190.214,lenovo1,Windows-11-10.0.26200-SP0,15,0,0,0,0
2026-02-12T15:40:27.631153+00:00,10.835,6.432,19.012,San José,Costa Rica,"Comunicaciones Metropolitanas METROCOM, S.A.",45.65.190.214,lenovo1,Windows-11-10.0.26200-SP0,15,0,0,0,0
2026-02-12T15:41:06.749670+00:00,113.462,89.174,25.195,San José,Costa Rica,"Comunicaciones Metropolitanas METROCOM, S.A.",45.65.190.214,lenovo1,Windows-11-10.0.26200-SP0,15,0,0,1,1
2026-02-12T15:41:37.719486+00:00,82.876,118.214,9.141,San José,Costa Rica,"Comunicaciones Metropolitanas METROCOM, S.A.",45.65.190.214,lenovo1,Windows-11-10.0.26200-SP0,15,0,0,0,0
2026-02-12T15:42:06.848888+00:00,297.797,121.179,13.534,San José,Costa Rica,"Comunicaciones Metropolitanas METROCOM, S.A.",45.65.190.214,lenovo1,Windows-11-10.0.26200-SP0,15,0,0,0,0
2026-02-12T15:42:35.576852+00:00,268.838,116.927,9.467,San José,Costa Rica,"Comunicaciones Metropolitanas METROCOM, S.A.",45.65.190.214,lenovo1,Windows-11-10.0.26200-SP0,15,0,0,0,0
2026-02-12T15:43:04.663133+00:00,83.950,61.798,14.025,San José,Costa Rica,"Comunicaciones Metropolitanas METROCOM, S.A.",45.65.190.214,lenovo1,Windows-11-10.0.26200-SP0,15,0,0,0,0
2026-02-12T15:43:42.067635+00:00,241.323,83.003,12.771,San José,Costa Rica,"Comunicaciones Metropolitanas METROCOM, S.A.",45.65.190.214,lenovo1,Windows-11-10.0.26200-SP0,15,0,0,0,0
2026-02-12T15:44:19.265949+00:00,33.672,64.542,43.715,San José,Costa Rica,"Comunicaciones Metropolitanas METROCOM, S.A.",45.65.190.214,lenovo1,Windows-11-10.0.26200-SP0,15,0,0,1,1
2026-02-12T15:44:51.524589+00:00,170.973,51.161,12.517,San José,Costa Rica,"Comunicaciones Metropolitanas METROCOM, S.A.",45.65.190.214,lenovo1,Windows-11-10.0.26200-SP0,15,0,0,0,0
2026-02-12T15:45:23.643309+00:00,29.149,48.577,9.589,San José,Costa Rica,"Comunicaciones Metropolitanas METROCOM, S.A.",45.65.190.214,lenovo1,Windows-11-10.0.26200-SP0,15,0,0,0,0
2026-02-12T15:47:26.323487+00:00,59.656,160.171,35.272,San José,Costa Rica,"Comunicaciones Metropolitanas METROCOM, S.A.",45.65.190.214,lenovo1,Windows-11-10.0.26200-SP0,15,0,0,1,1
2026-02-12T15:47:51.815305+00:00,326.209,174.439,22.361,San José,Costa Rica,"Comunicaciones Metropolitanas METROCOM, S.A.",45.65.190.214,lenovo1,Windows-11-10.0.26200-SP0,15,0,0,1,1
2026-02-12T15:48:15.253585+00:00,342.873,196.178,7.813,San José,Costa Rica,"Comunicaciones Metropolitanas METROCOM, S.A.",45.65.190.214,lenovo1,Windows-11-10.0.26200-SP0,15,0,0,0,0
2026-02-12T15:48:44.081563+00:00,397.961,100.908,6.441,San José,Costa Rica,"Comunicaciones Metropolitanas METROCOM, S.A.",45.65.190.214,lenovo1,Windows-11-10.0.26200-SP0,15,0,0,0,0
2026-02-12T15:49:12.244524+00:00,346.902,192.660,12.686,San José,Costa Rica,"Comunicaciones Metropolitanas METROCOM, S.A.",45.65.190.214,lenovo1,Windows-11-10.0.26200-SP0,15,0,0,0,0
2026-02-12T15:49:41.614819+00:00,85.275,53.842,10.415,San José,Costa Rica,"Comunicaciones Metropolitanas METROCOM, S.A.",45.65.190.214,lenovo1,Windows-11-10.0.26200-SP0,15,0,0,0,0
2026-02-12T15:50:10.773641+00:00,272.636,65.588,12.002,San José,Costa Rica,"Comunicaciones Metropolitanas METROCOM, S.A.",45.65.190.214,lenovo1,Windows-11-10.0.26200-SP0,15,0,0,0,0
2026-02-12T15:50:41.499300+00:00,198.009,74.801,7.163,San José,Costa Rica,"Comunicaciones Metropolitanas METROCOM, S.A.",45.65.190.214,lenovo1,Windows-11-10.0.26200-SP0,15,0,0,0,0
2026-02-12T15:51:11.195869+00:00,92.160,64.541,7.936,San José,Costa Rica,"Comunicaciones Metropolitanas METROCOM, S.A.",45.65.190.214,lenovo1,Windows-11-10.0.26200-SP0,15,0,0,0,0
2026-02-12T15:51:39.246280+00:00,272.843,121.040,11.632,San José,Costa Rica,"Comunicaciones Metropolitanas METROCOM, S.A.",45.65.190.214,lenovo1,Windows-11-10.0.26200-SP0,15,0,0,0,0
2026-02-12T15:52:03.346281+00:00,519.617,45.773,7.180,San José,Costa Rica,"Comunicaciones Metropolitanas METROCOM, S.A.",45.65.190.214,lenovo1,Windows-11-10.0.26200-SP0,15,0,0,0,0
2026-02-12T15:52:29.542973+00:00,356.331,147.965,7.861,San José,Costa Rica,"Comunicaciones Metropolitanas METROCOM, S.A.",45.65.190.214,lenovo1,Windows-11-10.0.26200-SP0,15,0,0,0,0
2026-02-12T15:52:57.389961+00:00,386.164,19.252,18.732,San José,Costa Rica,"Comunicaciones Metropolitanas METROCOM, S.A.",45.65.190.214,lenovo1,Windows-11-10.0.26200-SP0,15,0,0,0,0
2026-02-12T15:53:30.131372+00:00,31.558,32.065,11.204,San José,Costa Rica,"Comunicaciones Metropolitanas METROCOM, S.A.",45.65.190.214,lenovo1,Windows-11-10.0.26200-SP0,15,0,0,0,0
2026-02-12T15:53:58.467411+00:00,72.042,57.276,9.616,San José,Costa Rica,"Comunicaciones Metropolitanas METROCOM, S.A.",45.65.190.214,lenovo1,Windows-11-10.0.26200-SP0,15,0,0,0,0
2026-02-12T15:54:31.874898+00:00,280.370,19.187,21.069,San José,Costa Rica,"Comunicaciones Metropolitanas METROCOM, S.A.",45.65.190.214,lenovo1,Windows-11-10.0.26200-SP0,15,0,0,1,1
2026-02-12T15:55:05.893930+00:00,133.945,72.512,11.474,San José,Costa Rica,"Comunicaciones Metropolitanas METROCOM, S.A.",45.65.190.214,lenovo1,Windows-11-10.0.26200-SP0,15,0,0,0,0
2026-02-12T15:55:43.958705+00:00,159.601,65.921,7.178,San José,Costa Rica,"Comunicaciones Metropolitanas METROCOM, S.A.",45.65.190.214,lenovo1,Windows-11-10.0.26200-SP0,15,0,0,0,0
2026-02-12T15:56:19.771661+00:00,20.023,18.804,25.681,San José,Costa Rica,"Comunicaciones Metropolitanas METROCOM, S.A.",45.65.190.214,lenovo1,Windows-11-10.0.26200-SP0,15,0,0,1,1
2026-02-12T16:05:39.972141+00:00,317.146,30.452,8.159,San José,Costa Rica,"Comunicaciones Metropolitanas METROCOM, S.A.",45.65.190.214,lenovo1,Windows-11-10.0.26200-SP0,16,0,0,0,0
2026-02-12T16:06:03.095148+00:00,272.735,217.593,7.182,San José,Costa Rica,"Comunicaciones Metropolitanas METROCOM, S.A.",45.65.190.214,lenovo1,Windows-11-10.0.26200-SP0,16,0,0,0,0
2026-02-12T16:06:25.274344+00:00,332.020,208.837,6.752,San José,Costa Rica,"Comunicaciones Metropolitanas METROCOM, S.A.",45.65.190.214,lenovo1,Windows-11-10.0.26200-SP0,16,0,0,0,0
2026-02-12T16:06:53.890505+00:00,441.920,67.503,8.817,San José,Costa Rica,"Comunicaciones Metropolitanas METROCOM, S.A.",45.65.190.214,lenovo1,Windows-11-10.0.26200-SP0,16,0,0,0,0
2026-02-12T16:07:18.849196+00:00,163.704,165.291,7.904,San José,Costa Rica,"Comunicaciones Metropolitanas METROCOM, S.A.",45.65.190.214,lenovo1,Windows-11-10.0.26200-SP0,16,0,0,0,0
2026-02-12T16:08:31.307067+00:00,49.573,30.953,7.798,San José,Costa Rica,"Comunicaciones Metropolitanas METROCOM, S.A.",45.65.190.214,lenovo1,Windows-11-10.0.26200-SP0,16,0,0,0,0
2026-02-12T16:08:53.324757+00:00,339.148,208.385,7.440,San José,Costa Rica,"Comunicaciones Metropolitanas METROCOM, S.A.",45.65.190.214,lenovo1,Windows-11-10.0.26200-SP0,16,0,0,0,0
2026-02-12T16:09:14.557102+00:00,514.689,143.489,6.108,San José,Costa Rica,"Comunicaciones Metropolitanas METROCOM, S.A.",45.65.190.214,lenovo1,Windows-11-10.0.26200-SP0,16,0,0,0,0
2026-02-12T16:09:39.691175+00:00,330.921,136.542,6.771,San José,Costa Rica,"Comunicaciones Metropolitanas METROCOM, S.A.",45.65.190.214,lenovo1,Windows-11-10.0.26200-SP0,16,0,0,0,0
2026-02-12T16:10:08.492575+00:00,85.656,49.986,7.109,San José,Costa Rica,"Comunicaciones Metropolitanas METROCOM, S.A.",45.65.190.214,lenovo1,Windows-11-10.0.26200-SP0,16,0,0,0,0
2026-02-12T16:10:30.157366+00:00,411.712,180.917,9.447,San José,Costa Rica,"Comunicaciones Metropolitanas METROCOM, S.A.",45.65.190.214,lenovo1,Windows-11-10.0.26200-SP0,16,0,0,0,0
2026-02-12T16:11:05.891012+00:00,209.912,27.053,18.043,San José,Costa Rica,"Comunicaciones Metropolitanas METROCOM, S.A.",45.65.190.214,lenovo1,Windows-11-10.0.26200-SP0,16,0,0,0,0
2026-02-12T16:11:49.492952+00:00,320.002,119.697,21.622,San José,Costa Rica,"Comunicaciones Metropolitanas METROCOM, S.A.",45.65.190.214,lenovo1,Windows-11-10.0.26200-SP0,16,0,0,1,1
2026-02-12T16:12:25.541568+00:00,381.041,19.023,8.532,San José,Costa Rica,"Comunicaciones Metropolitanas METROCOM, S.A.",45.65.190.214,lenovo1,Windows-11-10.0.26200-SP0,16,0,0,0,0
2026-02-12T16:12:51.509296+00:00,327.899,139.668,6.949,San José,Costa Rica,"Comunicaciones Metropolitanas METROCOM, S.A.",45.65.190.214,lenovo1,Windows-11-10.0.26200-SP0,16,0,0,0,0
2026-02-12T16:13:18.550890+00:00,260.077,103.606,9.091,San José,Costa Rica,"Comunicaciones Metropolitanas METROCOM, S.A.",45.65.190.214,lenovo1,Windows-11-10.0.26200-SP0,16,0,0,0,0
2026-02-12T16:13:45.872887+00:00,86.857,64.445,8.555,San José,Costa Rica,"Comunicaciones Metropolitanas METROCOM, S.A.",45.65.190.214,lenovo1,Windows-11-10.0.26200-SP0,16,0,0,0,0
2026-02-12T16:14:16.230412+00:00,158.853,50.214,9.543,San José,Costa Rica,"Comunicaciones Metropolitanas METROCOM, S.A.",45.65.190.214,lenovo1,Windows-11-10.0.26200-SP0,16,0,0,0,0
2026-02-12T16:55:26.374719+00:00,205.322,94.039,11.416,San José,Costa Rica,"Comunicaciones Metropolitanas METROCOM, S.A.",45.65.190.214,lenovo1,Windows-11-10.0.26200-SP0,16,0,0,0,0
2026-02-12T16:56:16.136304+00:00,409.374,198.360,12.239,San José,Costa Rica,"Comunicaciones Metropolitanas METROCOM, S.A.",45.65.190.214,lenovo1,Windows-11-10.0.26200-SP0,16,0,0,0,0
2026-02-12T16:56:54.430356+00:00,369.467,306.806,6.390,San José,Costa Rica,"Comunicaciones Metropolitanas METROCOM, S.A.",45.65.190.214,lenovo1,Windows-11-10.0.26200-SP0,16,0,0,0,0
2026-02-12T16:57:13.727035+00:00,389.124,271.492,11.089,San José,Costa Rica,"Comunicaciones Metropolitanas METROCOM, S.A.",45.65.190.214,lenovo1,Windows-11-10.0.26200-SP0,16,0,0,0,0
2026-02-12T16:58:03.408014+00:00,22.136,178.913,9.033,San José,Costa Rica,"Comunicaciones Metropolitanas METROCOM, S.A.",45.65.190.214,lenovo1,Windows-11-10.0.26200-SP0,16,0,0,0,0
2026-02-12T17:00:02.619227+00:00,480.059,79.539,18.805,San José,Costa Rica,"Comunicaciones Metropolitanas METROCOM, S.A.",45.65.190.214,lenovo1,Windows-11-10.0.26200-SP0,17,0,0,0,0
2026-02-12T17:00:34.033737+00:00,350.717,147.200,11.529,San José,Costa Rica,"Comunicaciones Metropolitanas METROCOM, S.A.",45.65.190.214,lenovo1,Windows-11-10.0.26200-SP0,17,0,0,0,0
2026-02-12T17:01:18.026878+00:00,385.677,219.434,7.095,San José,Costa Rica,"Comunicaciones Metropolitanas METROCOM, S.A.",45.65.190.214,lenovo1,Windows-11-10.0.26200-SP0,17,0,0,0,0
2026-02-12T17:26:50.444023+00:00,415.167,204.816,9.360,San José,Costa Rica,"Comunicaciones Metropolitanas METROCOM, S.A.",45.65.190.214,lenovo1,Windows-11-10.0.26200-SP0,17,0,0,0,0
2026-02-12T17:27:34.652779+00:00,420.063,37.312,5.961,San José,Costa Rica,"Comunicaciones Metropolitanas METROCOM, S.A.",45.65.190.214,lenovo1,Windows-11-10.0.26200-SP0,17,0,0,0,0
2026-02-12T17:27:54.165729+00:00,439.064,206.467,11.423,San José,Costa Rica,"Comunicaciones Metropolitanas METROCOM, S.A.",45.65.190.214,lenovo1,Windows-11-10.0.26200-SP0,17,0,0,0,0
2026-02-12T17:43:31.667504+00:00,106.885,239.753,9.509,San José,Costa Rica,"Comunicaciones Metropolitanas METROCOM, S.A.",45.65.190.214,lenovo1,Windows-11-10.0.26200-SP0,17,0,0,0,0
2026-02-12T17:51:58.674515+00:00,410.445,117.656,6.488,San José,Costa Rica,"Comunicaciones Metropolitanas METROCOM, S.A.",45.65.190.214,lenovo1,Windows-11-10.0.26200-SP0,17,0,0,0,0
2026-02-12T17:52:54.656933+00:00,546.870,208.866,12.876,San José,Costa Rica,"Comunicaciones Metropolitanas METROCOM, S.A.",45.65.190.214,lenovo1,Windows-11-10.0.26200-SP0,17,0,0,0,0
2026-02-12T18:01:34.495812+00:00,382.345,113.026,7.895,San José,Costa Rica,"Comunicaciones Metropolitanas METROCOM, S.A.",45.65.190.214,lenovo1,Windows-11-10.0.26200-SP0,18,0,0,0,0
2026-02-12T18:06:37.761948+00:00,413.811,91.815,10.723,San José,Costa Rica,"Comunicaciones Metropolitanas METROCOM, S.A.",45.65.190.214,lenovo1,Windows-11-10.0.26200-SP0,18,0,0,0,0
2026-02-12T18:07:31.961166+00:00,387.768,204.216,9.992,San José,Costa Rica,"Comunicaciones Metropolitanas METROCOM, S.A.",45.65.190.214,lenovo1,Windows-11-10.0.26200-SP0,18,0,0,0,0
2026-02-12T18:12:50.597167+00:00,388.865,6.897,8.322,San José,Costa Rica,"Comunicaciones Metropolitanas METROCOM, S.A.",45.65.190.214,lenovo1,Windows-11-10.0.26200-SP0,18,0,0,0,0
2026-02-12T18:14:42.762390+00:00,392.282,240.998,6.609,San José,Costa Rica,"Comunicaciones Metropolitanas METROCOM, S.A.",45.65.190.214,lenovo1,Windows-11-10.0.26200-SP0,18,0,0,0,0
2026-02-12T18:16:58.191000+00:00,389.736,8.841,9.034,San José,Costa Rica,"Comunicaciones Metropolitanas METROCOM, S.A.",45.65.190.214,lenovo1,Windows-11-10.0.26200-SP0,18,0,0,0,0
2026-02-12T18:22:58.290224+00:00,370.541,137.613,11.209,San José,Costa Rica,"Comunicaciones Metropolitanas METROCOM, S.A.",45.65.190.214,lenovo1,Windows-11-10.0.26200-SP0,18,0,0,0,0
2026-02-12T18:31:15.755211+00:00,211.839,194.857,6.669,San José,Costa Rica,"Comunicaciones Metropolitanas METROCOM, S.A.",45.65.190.214,lenovo1,Windows-11-10.0.26200-SP0,18,0,0,0,0
2026-02-12T18:33:51.402865+00:00,362.006,214.543,6.785,San José,Costa Rica,"Comunicaciones Metropolitanas METROCOM, S.A.",45.65.190.214,lenovo1,Windows-11-10.0.26200-SP0,18,0,0,0,0
2026-02-12T18:34:43.501910+00:00,214.765,4.547,6.402,San José,Costa Rica,"Comunicaciones Metropolitanas METROCOM, S.A.",45.65.190.214,lenovo1,Windows-11-10.0.26200-SP0,18,0,0,0,0
2026-02-12T18:36:02.912940+00:00,183.832,180.346,6.242,San José,Costa Rica,"Comunicaciones Metropolitanas METROCOM, S.A.",45.65.190.214,lenovo1,Windows-11-10.0.26200-SP0,18,0,0,0,0
2026-02-12T18:36:51.761143+00:00,299.496,162.987,19.673,San José,Costa Rica,"Comunicaciones Metropolitanas METROCOM, S.A.",45.65.190.214,lenovo1,Windows-11-10.0.26200-SP0,18,0,0,0,0
2026-02-12T18:37:13.025874+00:00,365.090,249.234,28.646,San José,Costa Rica,"Comunicaciones Metropolitanas METROCOM, S.A.",45.65.190.214,lenovo1,Windows-11-10.0.26200-SP0,18,0,0,1,1
2026-02-12T18:37:58.448007+00:00,164.931,147.521,6.054,San José,Costa Rica,"Comunicaciones Metropolitanas METROCOM, S.A.",45.65.190.214,lenovo1,Windows-11-10.0.26200-SP0,18,0,0,0,0
2026-02-12T18:38:24.984678+00:00,241.799,88.532,21.278,San José,Costa Rica,"Comunicaciones Metropolitanas METROCOM, S.A.",45.65.190.214,lenovo1,Windows-11-10.0.26200-SP0,18,0,0,1,1
2026-02-12T18:39:12.606700+00:00,322.354,168.576,8.504,San José,Costa Rica,"Comunicaciones Metropolitanas METROCOM, S.A.",45.65.190.214,lenovo1,Windows-11-10.0.26200-SP0,18,0,0,0,0
2026-02-12T18:40:04.444759+00:00,408.683,20.471,9.781,San José,Costa Rica,"Comunicaciones Metropolitanas METROCOM, S.A.",45.65.190.214,lenovo1,Windows-11-10.0.26200-SP0,18,0,0,0,0
2026-02-12T18:40:25.103706+00:00,289.411,139.721,9.096,San José,Costa Rica,"Comunicaciones Metropolitanas METROCOM, S.A.",45.65.190.214,lenovo1,Windows-11-10.0.26200-SP0,18,0,0,0,0
2026-02-12T18:40:29.288479+00:00,277.766,152.475,18.044,San José,Costa Rica,"Comunicaciones Metropolitanas METROCOM, S.A.",45.65.190.214,lenovo1,Windows-11-10.0.26200-SP0,18,0,0,0,0
2026-02-12T18:40:48.280461+00:00,270.456,168.576,9.509,San José,Costa Rica,"Comunicaciones Metropolitanas METROCOM, S.A.",45.65.190.214,lenovo1,Windows-11-10.0.26200-SP0,18,0,0,0,0
2026-02-12T18:40:53.026959+00:00,308.328,183.052,19.499,San José,Costa Rica,"Comunicaciones Metropolitanas METROCOM, S.A.",45.65.190.214,lenovo1,Windows-11-10.0.26200-SP0,18,0,0,0,0
2026-02-12T18:41:38.864515+00:00,385.418,120.272,7.378,San José,Costa Rica,"Comunicaciones Metropolitanas METROCOM, S.A.",45.65.190.214,lenovo1,Windows-11-10.0.26200-SP0,18,0,0,0,0
2026-02-12T18:41:52.573334+00:00,371.320,110.576,10.396,San José,Costa Rica,"Comunicaciones Metropolitanas METROCOM, S.A.",45.65.190.214,lenovo1,Windows-11-10.0.26200-SP0,18,0,0,0,0
2026-02-12T18:42:01.120032+00:00,337.081,186.811,10.947,San José,Costa Rica,"Comunicaciones Metropolitanas METROCOM, S.A.",45.65.190.214,lenovo1,Windows-11-10.0.26200-SP0,18,0,0,0,0
2026-02-12T18:49:02.314461+00:00,393.527,161.503,6.421,San José,Costa Rica,"Comunicaciones Metropolitanas METROCOM, S.A.",45.65.190.214,lenovo1,Windows-11-10.0.26200-SP0,18,0,0,0,0
2026-02-12T18:50:50.233263+00:00,544.473,215.907,10.936,San José,Costa Rica,"Comunicaciones Metropolitanas METROCOM, S.A.",45.65.190.214,lenovo1,Windows-11-10.0.26200-SP0,18,0,0,0,0
2026-02-12T18:51:28.920077+00:00,387.682,183.527,11.770,San José,Costa Rica,"Comunicaciones Metropolitanas METROCOM, S.A.",45.65.190.214,lenovo1,Windows-11-10.0.26200-SP0,18,0,0,0,0
2026-02-12T19:14:24.500602+00:00,353.703,37.596,7.551,San José,Costa Rica,"Comunicaciones Metropolitanas METROCOM, S.A.",45.65.190.214,lenovo1,Windows-11-10.0.26200-SP0,19,0,0,0,0
2026-02-12T19:14:48.909589+00:00,79.707,158.599,16.944,San José,Costa Rica,"Comunicaciones Metropolitanas METROCOM, S.A.",45.65.190.214,lenovo1,Windows-11-10.0.26200-SP0,19,0,0,0,0
2026-02-12T19:15:13.231518+00:00,400.471,61.275,6.215,San José,Costa Rica,"Comunicaciones Metropolitanas METROCOM, S.A.",45.65.190.214,lenovo1,Windows-11-10.0.26200-SP0,19,0,0,0,0
2026-02-12T19:15:47.352608+00:00,430.466,34.479,6.908,San José,Costa Rica,"Comunicaciones Metropolitanas METROCOM, S.A.",45.65.190.214,lenovo1,Windows-11-10.0.26200-SP0,19,0,0,0,0
2026-02-12T19:16:09.700103+00:00,515.466,131.302,6.918,San José,Costa Rica,"Comunicaciones Metropolitanas METROCOM, S.A.",45.65.190.214,lenovo1,Windows-11-10.0.26200-SP0,19,0,0,0,0
2026-02-12T19:16:33.332340+00:00,438.758,132.840,6.186,San José,Costa Rica,"Comunicaciones Metropolitanas METROCOM, S.A.",45.65.190.214,lenovo1,Windows-11-10.0.26200-SP0,19,0,0,0,0
2026-02-12T19:17:05.988072+00:00,243.072,197.237,23.217,San José,Costa Rica,"Comunicaciones Metropolitanas METROCOM, S.A.",45.65.190.214,lenovo1,Windows-11-10.0.26200-SP0,19,0,0,1,1
2026-02-12T19:51:46.665461+00:00,513.904,245.920,8.779,San José,Costa Rica,"Comunicaciones Metropolitanas METROCOM, S.A.",45.65.190.214,lenovo1,Windows-11-10.0.26200-SP0,19,0,0,0,0
2026-02-12T20:07:21.113159+00:00,303.141,166.603,8.262,San José,Costa Rica,"Comunicaciones Metropolitanas METROCOM, S.A.",45.65.190.214,lenovo1,Windows-11-10.0.26200-SP0,20,0,0,0,0
2026-02-12T20:07:45.435837+00:00,88.153,201.432,6.067,San José,Costa Rica,"Comunicaciones Metropolitanas METROCOM, S.A.",45.65.190.214,lenovo1,Windows-11-10.0.26200-SP0,20,0,0,0,0
2026-02-12T20:08:13.756423+00:00,52.125,12.322,6.507,San José,Costa Rica,"Comunicaciones Metropolitanas METROCOM, S.A.",45.65.190.214,lenovo1,Windows-11-10.0.26200-SP0,20,0,0,0,0
2026-02-12T20:08:41.538866+00:00,51.087,167.193,9.129,San José,Costa Rica,"Comunicaciones Metropolitanas METROCOM, S.A.",45.65.190.214,lenovo1,Windows-11-10.0.26200-SP0,20,0,0,0,0
2026-02-12T20:09:13.503186+00:00,494.428,8.962,5.884,San José,Costa Rica,"Comunicaciones Metropolitanas METROCOM, S.A.",45.65.190.214,lenovo1,Windows-11-10.0.26200-SP0,20,0,0,0,0
2026-02-12T20:09:38.676611+00:00,399.927,91.458,7.408,San José,Costa Rica,"Comunicaciones Metropolitanas METROCOM, S.A.",45.65.190.214,lenovo1,Windows-11-10.0.26200-SP0,20,0,0,0,0
2026-02-12T20:17:41.813020+00:00,192.738,126.543,11.272,San José,Costa Rica,"Comunicaciones Metropolitanas METROCOM, S.A.",45.65.190.214,lenovo1,Windows-11-10.0.26200-SP0,20,0,0,0,0
2026-02-12T20:18:07.965751+00:00,316.860,117.283,7.728,San José,Costa Rica,"Comunicaciones Metropolitanas METROCOM, S.A.",45.65.190.214,lenovo1,Windows-11-10.0.26200-SP0,20,0,0,0,0
2026-02-12T20:18:34.556492+00:00,275.578,164.406,10.689,San José,Costa Rica,"Comunicaciones Metropolitanas METROCOM, S.A.",45.65.190.214,lenovo1,Windows-11-10.0.26200-SP0,20,0,0,0,0
2026-02-12T20:18:54.650152+00:00,505.332,178.792,7.123,San José,Costa Rica,"Comunicaciones Metropolitanas METROCOM, S.A.",45.65.190.214,lenovo1,Windows-11-10.0.26200-SP0,20,0,0,0,0
2026-02-12T20:19:24.863480+00:00,117.527,119.056,18.983,San José,Costa Rica,"Comunicaciones Metropolitanas METROCOM, S.A.",45.65.190.214,lenovo1,Windows-11-10.0.26200-SP0,20,0,0,0,0
2026-02-12T20:19:52.141556+00:00,323.142,183.597,10.040,San José,Costa Rica,"Comunicaciones Metropolitanas METROCOM, S.A.",45.65.190.214,lenovo1,Windows-11-10.0.26200-SP0,20,0,0,0,0
2026-02-12T20:20:15.569614+00:00,310.144,239.873,9.949,San José,Costa Rica,"Comunicaciones Metropolitanas METROCOM, S.A.",45.65.190.214,lenovo1,Windows-11-10.0.26200-SP0,20,0,0,0,0
2026-02-12T20:20:42.619667+00:00,243.670,29.192,10.309,San José,Costa Rica,"Comunicaciones Metropolitanas METROCOM, S.A.",45.65.190.214,lenovo1,Windows-11-10.0.26200-SP0,20,0,0,0,0
2026-02-12T20:21:11.890625+00:00,203.167,26.607,14.164,San José,Costa Rica,"Comunicaciones Metropolitanas METROCOM, S.A.",45.65.190.214,lenovo1,Windows-11-10.0.26200-SP0,20,0,0,0,0
2026-02-12T20:21:41.417151+00:00,70.511,121.800,57.018,San José,Costa Rica,"Comunicaciones Metropolitanas METROCOM, S.A.",45.65.190.214,lenovo1,Windows-11-10.0.26200-SP0,20,0,0,1,1
2026-02-12T20:22:22.546054+00:00,2.783,7.698,15.606,San José,Costa Rica,"Comunicaciones Metropolitanas METROCOM, S.A.",45.65.190.214,lenovo1,Windows-11-10.0.26200-SP0,20,0,0,0,0
2026-02-12T20:22:45.209892+00:00,426.866,198.394,41.441,San José,Costa Rica,"Comunicaciones Metropolitanas METROCOM, S.A.",45.65.190.214,lenovo1,Windows-11-10.0.26200-SP0,20,0,0,1,1
2026-02-12T20:23:12.291567+00:00,359.287,67.117,7.716,San José,Costa Rica,"Comunicaciones Metropolitanas METROCOM, S.A.",45.65.190.214,lenovo1,Windows-11-10.0.26200-SP0,20,0,0,0,0
2026-02-12T20:23:44.602729+00:00,259.527,156.834,8.820,San José,Costa Rica,"Comunicaciones Metropolitanas METROCOM, S.A.",45.65.190.214,lenovo1,Windows-11-10.0.26200-SP0,20,0,0,0,0
2026-02-12T20:25:13.250705+00:00,326.645,36.857,17.752,San José,Costa Rica,"Comunicaciones Metropolitanas METROCOM, S.A.",45.65.190.214,lenovo1,Windows-11-10.0.26200-SP0,20,0,0,0,0
2026-02-12T20:25:40.222981+00:00,303.871,74.078,8.380,San José,Costa Rica,"Comunicaciones Metropolitanas METROCOM, S.A.",45.65.190.214,lenovo1,Windows-11-10.0.26200-SP0,20,0,0,0,0
2026-02-12T20:26:01.141702+00:00,440.581,167.635,7.064,San José,Costa Rica,"Comunicaciones Metropolitanas METROCOM, S.A.",45.65.190.214,lenovo1,Windows-11-10.0.26200-SP0,20,0,0,0,0
2026-02-12T20:26:23.285831+00:00,389.622,184.755,9.058,San José,Costa Rica,"Comunicaciones Metropolitanas METROCOM, S.A.",45.65.190.214,lenovo1,Windows-11-10.0.26200-SP0,20,0,0,0,0
2026-02-12T20:26:54.361862+00:00,194.006,10.723,6.280,San José,Costa Rica,"Comunicaciones Metropolitanas METROCOM, S.A.",45.65.190.214,lenovo1,Windows-11-10.0.26200-SP0,20,0,0,0,0
2026-02-12T20:27:18.070539+00:00,340.226,168.721,7.562,San José,Costa Rica,"Comunicaciones Metropolitanas METROCOM, S.A.",45.65.190.214,lenovo1,Windows-11-10.0.26200-SP0,20,0,0,0,0
2026-02-12T20:27:44.767244+00:00,306.997,46.760,9.269,San José,Costa Rica,"Comunicaciones Metropolitanas METROCOM, S.A.",45.65.190.214,lenovo1,Windows-11-10.0.26200-SP0,20,0,0,0,0
2026-02-12T20:28:22.312543+00:00,263.136,84.321,75.604,San José,Costa Rica,"Comunicaciones Metropolitanas METROCOM, S.A.",45.65.190.214,lenovo1,Windows-11-10.0.26200-SP0,20,0,0,1,1
2026-02-12T20:28:42.397625+00:00,363.292,234.096,6.186,San José,Costa Rica,"Comunicaciones Metropolitanas METROCOM, S.A.",45.65.190.214,lenovo1,Windows-11-10.0.26200-SP0,20,0,0,0,0
2026-02-12T20:29:05.736662+00:00,292.536,192.618,16.369,San José,Costa Rica,"Comunicaciones Metropolitanas METROCOM, S.A.",45.65.190.214,lenovo1,Windows-11-10.0.26200-SP0,20,0,0,0,0
2026-02-12T20:29:29.401333+00:00,352.512,145.251,5.853,San José,Costa Rica,"Comunicaciones Metropolitanas METROCOM, S.A.",45.65.190.214,lenovo1,Windows-11-10.0.26200-SP0,20,0,0,0,0
2026-02-12T20:29:59.628347+00:00,429.585,144.709,11.609,San José,Costa Rica,"Comunicaciones Metropolitanas METROCOM, S.A.",45.65.190.214,lenovo1,Windows-11-10.0.26200-SP0,20,0,0,0,0
2026-02-12T20:30:34.537673+00:00,371.964,267.989,19.857,San José,Costa Rica,"Comunicaciones Metropolitanas METROCOM, S.A.",45.65.190.214,lenovo1,Windows-11-10.0.26200-SP0,20,0,0,0,0
2026-02-12T20:30:57.013477+00:00,374.673,165.306,8.485,San José,Costa Rica,"Comunicaciones Metropolitanas METROCOM, S.A.",45.65.190.214,lenovo1,Windows-11-10.0.26200-SP0,20,0,0,0,0
2026-02-12T21:23:34.404107+00:00,325.383,107.181,17.293,San José,Costa Rica,"Comunicaciones Metropolitanas METROCOM, S.A.",45.65.190.214,lenovo1,Windows-11-10.0.26200-SP0,21,0,0,0,0
2026-02-12T21:25:07.753198+00:00,296.864,120.876,11.042,San José,Costa Rica,"Comunicaciones Metropolitanas METROCOM, S.A.",45.65.190.214,lenovo1,Windows-11-10.0.26200-SP0,21,0,0,0,0
2026-02-12T21:26:28.896114+00:00,161.664,52.215,9.418,San José,Costa Rica,"Comunicaciones Metropolitanas METROCOM, S.A.",45.65.190.214,lenovo1,Windows-11-10.0.26200-SP0,21,0,0,0,0
2026-02-12T21:27:30.720856+00:00,116.021,153.286,8.742,San José,Costa Rica,"Comunicaciones Metropolitanas METROCOM, S.A.",45.65.190.214,lenovo1,Windows-11-10.0.26200-SP0,21,0,0,0,0
2026-02-12T21:28:51.619832+00:00,448.605,38.442,8.588,San José,Costa Rica,"Comunicaciones Metropolitanas METROCOM, S.A.",45.65.190.214,lenovo1,Windows-11-10.0.26200-SP0,21,0,0,0,0
2026-02-12T21:30:15.122694+00:00,299.227,10.433,7.550,San José,Costa Rica,"Comunicaciones Metropolitanas METROCOM, S.A.",45.65.190.214,lenovo1,Windows-11-10.0.26200-SP0,21,0,0,0,0
2026-02-12T21:31:53.629731+00:00,279.198,5.558,14.041,San José,Costa Rica,"Comunicaciones Metropolitanas METROCOM, S.A.",45.65.190.214,lenovo1,Windows-11-10.0.26200-SP0,21,0,0,0,0
2026-02-12T21:32:50.989362+00:00,324.182,199.461,17.771,San José,Costa Rica,"Comunicaciones Metropolitanas METROCOM, S.A.",45.65.190.214,lenovo1,Windows-11-10.0.26200-SP0,21,0,0,0,0
2026-02-12T21:34:28.744428+00:00,308.838,22.172,11.793,San José,Costa Rica,"Comunicaciones Metropolitanas METROCOM, S.A.",45.65.190.214,lenovo1,Windows-11-10.0.26200-SP0,21,0,0,0,0
2026-02-12T21:35:54.876547+00:00,280.832,110.005,12.268,San José,Costa Rica,"Comunicaciones Metropolitanas METROCOM, S.A.",45.65.190.214,lenovo1,Windows-11-10.0.26200-SP0,21,0,0,0,0
2026-02-12T21:36:20.383359+00:00,288.260,169.543,15.730,San José,Costa Rica,"Comunicaciones Metropolitanas METROCOM, S.A.",45.65.190.214,lenovo1,Windows-11-10.0.26200-SP0,21,0,0,0,0
2026-02-12T21:36:42.556479+00:00,137.659,195.496,9.457,San José,Costa Rica,"Comunicaciones Metropolitanas METROCOM, S.A.",45.65.190.214,lenovo1,Windows-11-10.0.26200-SP0,21,0,0,0,0
2026-02-12T21:37:23.718309+00:00,22.592,101.341,6.426,San José,Costa Rica,"Comunicaciones Metropolitanas METROCOM, S.A.",45.65.190.214,lenovo1,Windows-11-10.0.26200-SP0,21,0,0,0,0
2026-02-12T21:37:50.415038+00:00,415.889,126.167,17.434,San José,Costa Rica,"Comunicaciones Metropolitanas METROCOM, S.A.",45.65.190.214,lenovo1,Windows-11-10.0.26200-SP0,21,0,0,0,0
2026-02-12T21:38:13.533286+00:00,311.673,202.512,7.879,San José,Costa Rica,"Comunicaciones Metropolitanas METROCOM, S.A.",45.65.190.214,lenovo1,Windows-11-10.0.26200-SP0,21,0,0,0,0
2026-02-12T21:38:34.484397+00:00,389.746,184.643,6.539,San José,Costa Rica,"Comunicaciones Metropolitanas METROCOM, S.A.",45.65.190.214,lenovo1,Windows-11-10.0.26200-SP0,21,0,0,0,0
2026-02-12T21:39:12.027390+00:00,296.923,4.816,8.564,San José,Costa Rica,"Comunicaciones Metropolitanas METROCOM, S.A.",45.65.190.214,lenovo1,Windows-11-10.0.26200-SP0,21,0,0,0,0
2026-02-12T21:39:37.921935+00:00,419.690,121.908,7.221,San José,Costa Rica,"Comunicaciones Metropolitanas METROCOM, S.A.",45.65.190.214,lenovo1,Windows-11-10.0.26200-SP0,21,0,0,0,0
2026-02-12T21:40:07.340941+00:00,345.748,31.622,7.956,San José,Costa Rica,"Comunicaciones Metropolitanas METROCOM, S.A.",45.65.190.214,lenovo1,Windows-11-10.0.26200-SP0,21,0,0,0,0
2026-02-12T21:40:45.963674+00:00,425.275,26.336,6.416,San José,Costa Rica,"Comunicaciones Metropolitanas METROCOM, S.A.",45.65.190.214,lenovo1,Windows-11-10.0.26200-SP0,21,0,0,0,0
2026-02-12T21:41:04.951521+00:00,433.045,232.426,8.432,San José,Costa Rica,"Comunicaciones Metropolitanas METROCOM, S.A.",45.65.190.214,lenovo1,Windows-11-10.0.26200-SP0,21,0,0,0,0
2026-02-12T21:41:48.897400+00:00,28.233,30.697,8.560,San José,Costa Rica,"Comunicaciones Metropolitanas METROCOM, S.A.",45.65.190.214,lenovo1,Windows-11-10.0.26200-SP0,21,0,0,0,0
2026-02-12T21:42:12.699278+00:00,534.256,43.124,6.679,San José,Costa Rica,"Comunicaciones Metropolitanas METROCOM, S.A.",45.65.190.214,lenovo1,Windows-11-10.0.26200-SP0,21,0,0,0,0
2026-02-12T21:42:43.078823+00:00,250.342,149.682,16.391,San José,Costa Rica,"Comunicaciones Metropolitanas METROCOM, S.A.",45.65.190.214,lenovo1,Windows-11-10.0.26200-SP0,21,0,0,0,0
2026-02-12T21:43:02.411419+00:00,431.296,218.430,6.462,San José,Costa Rica,"Comunicaciones Metropolitanas METROCOM, S.A.",45.65.190.214,lenovo1,Windows-11-10.0.26200-SP0,21,0,0,0,0
2026-02-12T21:43:30.031480+00:00,276.297,148.524,7.814,San José,Costa Rica,"Comunicaciones Metropolitanas METROCOM, S.A.",45.65.190.214,lenovo1,Windows-11-10.0.26200-SP0,21,0,0,0,0
2026-02-12T21:44:06.322865+00:00,306.600,36.824,9.133,San José,Costa Rica,"Comunicaciones Metropolitanas METROCOM, S.A.",45.65.190.214,lenovo1,Windows-11-10.0.26200-SP0,21,0,0,0,0
2026-02-12T21:44:39.885936+00:00,406.431,62.070,13.120,San José,Costa Rica,"Comunicaciones Metropolitanas METROCOM, S.A.",45.65.190.214,lenovo1,Windows-11-10.0.26200-SP0,21,0,0,0,0
2026-02-12T21:45:17.492891+00:00,29.546,71.757,11.323,San José,Costa Rica,"Comunicaciones Metropolitanas METROCOM, S.A.",45.65.190.214,lenovo1,Windows-11-10.0.26200-SP0,21,0,0,0,0
2026-02-12T21:46:01.491056+00:00,14.558,12.322,12.912,San José,Costa Rica,"Comunicaciones Metropolitanas METROCOM, S.A.",45.65.190.214,lenovo1,Windows-11-10.0.26200-SP0,21,0,0,0,0
2026-02-12T21:47:31.398330+00:00,276.072,153.057,7.843,San José,Costa Rica,"Comunicaciones Metropolitanas METROCOM, S.A.",45.65.190.214,lenovo1,Windows-11-10.0.26200-SP0,21,0,0,0,0
2026-02-12T21:48:01.486629+00:00,279.351,112.277,11.490,San José,Costa Rica,"Comunicaciones Metropolitanas METROCOM, S.A.",45.65.190.214,lenovo1,Windows-11-10.0.26200-SP0,21,0,0,0,0
2026-02-12T21:48:29.345008+00:00,422.980,9.078,7.723,San José,Costa Rica,"Comunicaciones Metropolitanas METROCOM, S.A.",45.65.190.214,lenovo1,Windows-11-10.0.26200-SP0,21,0,0,0,0
2026-02-12T21:50:18.932124+00:00,314.461,101.336,11.427,San José,Costa Rica,"Comunicaciones Metropolitanas METROCOM, S.A.",45.65.190.214,lenovo1,Windows-11-10.0.26200-SP0,21,0,0,0,0
2026-02-12T21:50:56.731433+00:00,349.051,5.853,7.872,San José,Costa Rica,"Comunicaciones Metropolitanas METROCOM, S.A.",45.65.190.214,lenovo1,Windows-11-10.0.26200-SP0,21,0,0,0,0
2026-02-12T21:51:23.578535+00:00,239.296,178.778,7.701,San José,Costa Rica,"Comunicaciones Metropolitanas METROCOM, S.A.",45.65.190.214,lenovo1,Windows-11-10.0.26200-SP0,21,0,0,0,0
2026-02-12T21:51:53.123049+00:00,358.937,132.017,8.181,San José,Costa Rica,"Comunicaciones Metropolitanas METROCOM, S.A.",45.65.190.214,lenovo1,Windows-11-10.0.26200-SP0,21,0,0,0,0
2026-02-12T21:52:22.018485+00:00,392.397,82.057,9.007,San José,Costa Rica,"Comunicaciones Metropolitanas METROCOM, S.A.",45.65.190.214,lenovo1,Windows-11-10.0.26200-SP0,21,0,0,0,0
2026-02-12T22:09:41.106535+00:00,352.799,17.445,12.650,San José,Costa Rica,"Comunicaciones Metropolitanas METROCOM, S.A.",45.65.190.214,lenovo1,Windows-11-10.0.26200-SP0,22,0,0,0,0
2026-02-12T22:10:19.488516+00:00,65.005,3.121,6.947,San José,Costa Rica,"Comunicaciones Metropolitanas METROCOM, S.A.",45.65.190.214,lenovo1,Windows-11-10.0.26200-SP0,22,0,0,0,0
2026-02-12T22:12:18.199287+00:00,244.422,72.227,7.825,San José,Costa Rica,"Comunicaciones Metropolitanas METROCOM, S.A.",45.65.190.214,lenovo1,Windows-11-10.0.26200-SP0,22,0,0,0,0
2026-02-12T22:12:45.511304+00:00,351.670,96.760,6.124,San José,Costa Rica,"Comunicaciones Metropolitanas METROCOM, S.A.",45.65.190.214,lenovo1,Windows-11-10.0.26200-SP0,22,0,0,0,0
2026-02-12T22:13:34.517598+00:00,350.562,14.360,6.135,San José,Costa Rica,"Comunicaciones Metropolitanas METROCOM, S.A.",45.65.190.214,lenovo1,Windows-11-10.0.26200-SP0,22,0,0,0,0
2026-02-12T22:14:03.659548+00:00,427.655,66.252,12.450,San José,Costa Rica,"Comunicaciones Metropolitanas METROCOM, S.A.",45.65.190.214,lenovo1,Windows-11-10.0.26200-SP0,22,0,0,0,0
2026-02-12T22:14:25.044772+00:00,162.416,287.424,6.545,San José,Costa Rica,"Comunicaciones Metropolitanas METROCOM, S.A.",45.65.190.214,lenovo1,Windows-11-10.0.26200-SP0,22,0,0,0,0
2026-02-12T22:15:58.792855+00:00,551.745,12.139,6.220,San José,Costa Rica,"Comunicaciones Metropolitanas METROCOM, S.A.",45.65.190.214,lenovo1,Windows-11-10.0.26200-SP0,22,0,0,0,0
2026-02-12T22:16:27.432639+00:00,322.788,45.325,5.885,San José,Costa Rica,"Comunicaciones Metropolitanas METROCOM, S.A.",45.65.190.214,lenovo1,Windows-11-10.0.26200-SP0,22,0,0,0,0
2026-02-12T22:16:56.071298+00:00,224.290,118.857,28.484,San José,Costa Rica,"Comunicaciones Metropolitanas METROCOM, S.A.",45.65.190.214,lenovo1,Windows-11-10.0.26200-SP0,22,0,0,1,1
2026-02-12T22:17:26.410567+00:00,394.435,135.548,16.127,San José,Costa Rica,"Comunicaciones Metropolitanas METROCOM, S.A.",45.65.190.214,lenovo1,Windows-11-10.0.26200-SP0,22,0,0,0,0
2026-02-12T22:18:14.287846+00:00,29.392,40.292,6.047,San José,Costa Rica,"Comunicaciones Metropolitanas METROCOM, S.A.",45.65.190.214,lenovo1,Windows-11-10.0.26200-SP0,22,0,0,0,0
2026-02-12T22:18:36.638685+00:00,355.690,198.102,6.118,San José,Costa Rica,"Comunicaciones Metropolitanas METROCOM, S.A.",45.65.190.214,lenovo1,Windows-11-10.0.26200-SP0,22,0,0,0,0
2026-02-12T22:18:57.972375+00:00,437.412,208.786,7.403,San José,Costa Rica,"Comunicaciones Metropolitanas METROCOM, S.A.",45.65.190.214,lenovo1,Windows-11-10.0.26200-SP0,22,0,0,0,0
2026-02-12T22:19:25.145624+00:00,337.300,54.865,6.164,San José,Costa Rica,"Comunicaciones Metropolitanas METROCOM, S.A.",45.65.190.214,lenovo1,Windows-11-10.0.26200-SP0,22,0,0,0,0
2026-02-12T22:20:02.678355+00:00,70.350,81.378,5.992,San José,Costa Rica,"Comunicaciones Metropolitanas METROCOM, S.A.",45.65.190.214,lenovo1,Windows-11-10.0.26200-SP0,22,0,0,0,0
2026-02-12T22:20:30.965115+00:00,314.813,102.237,6.361,San José,Costa Rica,"Comunicaciones Metropolitanas METROCOM, S.A.",45.65.190.214,lenovo1,Windows-11-10.0.26200-SP0,22,0,0,0,0
2026-02-12T22:20:54.639910+00:00,148.328,196.494,6.292,San José,Costa Rica,"Comunicaciones Metropolitanas METROCOM, S.A.",45.65.190.214,lenovo1,Windows-11-10.0.26200-SP0,22,0,0,0,0
2026-02-12T22:21:27.284070+00:00,404.362,127.855,8.950,San José,Costa Rica,"Comunicaciones Metropolitanas METROCOM, S.A.",45.65.190.214,lenovo1,Windows-11-10.0.26200-SP0,22,0,0,0,0
2026-02-12T22:23:32.667146+00:00,246.922,161.430,8.354,San José,Costa Rica,"Comunicaciones Metropolitanas METROCOM, S.A.",45.65.190.214,lenovo1,Windows-11-10.0.26200-SP0,22,0,0,0,0
2026-02-12T22:24:03.916835+00:00,95.144,73.088,8.553,San José,Costa Rica,"Comunicaciones Metropolitanas METROCOM, S.A.",45.65.190.214,lenovo1,Windows-11-10.0.26200-SP0,22,0,0,0,0
2026-02-12T22:38:40.023545+00:00,400.558,27.153,5.875,San José,Costa Rica,"Comunicaciones Metropolitanas METROCOM, S.A.",45.65.190.214,lenovo1,Windows-11-10.0.26200-SP0,22,0,0,0,0
2026-02-12T22:38:58.430371+00:00,395.228,296.272,5.694,San José,Costa Rica,"Comunicaciones Metropolitanas METROCOM, S.A.",45.65.190.214,lenovo1,Windows-11-10.0.26200-SP0,22,0,0,0,0
2026-02-12T22:39:21.705804+00:00,420.662,164.733,6.716,San José,Costa Rica,"Comunicaciones Metropolitanas METROCOM, S.A.",45.65.190.214,lenovo1,Windows-11-10.0.26200-SP0,22,0,0,0,0
2026-02-12T22:39:48.022866+00:00,66.213,82.491,6.167,San José,Costa Rica,"Comunicaciones Metropolitanas METROCOM, S.A.",45.65.190.214,lenovo1,Windows-11-10.0.26200-SP0,22,0,0,0,0
2026-02-12T22:40:18.952009+00:00,104.381,43.546,6.749,San José,Costa Rica,"Comunicaciones Metropolitanas METROCOM, S.A.",45.65.190.214,lenovo1,Windows-11-10.0.26200-SP0,22,0,0,0,0
2026-02-12T22:40:47.096108+00:00,192.839,159.928,7.476,San José,Costa Rica,"Comunicaciones Metropolitanas METROCOM, S.A.",45.65.190.214,lenovo1,Windows-11-10.0.26200-SP0,22,0,0,0,0
2026-02-12T22:49:11.990154+00:00,342.835,193.281,6.370,San José,Costa Rica,"Comunicaciones Metropolitanas METROCOM, S.A.",45.65.190.214,lenovo1,Windows-11-10.0.26200-SP0,22,0,0,0,0
2026-02-12T22:49:37.964067+00:00,535.982,81.433,6.239,San José,Costa Rica,"Comunicaciones Metropolitanas METROCOM, S.A.",45.65.190.214,lenovo1,Windows-11-10.0.26200-SP0,22,0,0,0,0
2026-02-12T22:50:04.034302+00:00,343.933,128.226,5.850,San José,Costa Rica,"Comunicaciones Metropolitanas METROCOM, S.A.",45.65.190.214,lenovo1,Windows-11-10.0.26200-SP0,22,0,0,0,0
2026-02-12T22:50:32.219485+00:00,353.644,72.736,5.975,San José,Costa Rica,"Comunicaciones Metropolitanas METROCOM, S.A.",45.65.190.214,lenovo1,Windows-11-10.0.26200-SP0,22,0,0,0,0
2026-02-12T22:51:12.399746+00:00,30.754,94.324,5.536,San José,Costa Rica,"Comunicaciones Metropolitanas METROCOM, S.A.",45.65.190.214,lenovo1,Windows-11-10.0.26200-SP0,22,0,0,0,0
2026-02-12T22:51:38.752840+00:00,95.233,85.910,7.323,San José,Costa Rica,"Comunicaciones Metropolitanas METROCOM, S.A.",45.65.190.214,lenovo1,Windows-11-10.0.26200-SP0,22,0,0,0,0
2026-02-12T22:52:01.180750+00:00,421.415,348.919,10.569,San José,Costa Rica,"Comunicaciones Metropolitanas METROCOM, S.A.",45.65.190.214,lenovo1,Windows-11-10.0.26200-SP0,22,0,0,0,0
2026-02-12T22:52:40.733483+00:00,4.355,84.373,5.999,San José,Costa Rica,"Comunicaciones Metropolitanas METROCOM, S.A.",45.65.190.214,lenovo1,Windows-11-10.0.26200-SP0,22,0,0,0,0
2026-02-12T22:52:58.280797+00:00,509.956,235.395,5.854,San José,Costa Rica,"Comunicaciones Metropolitanas METROCOM, S.A.",45.65.190.214,lenovo1,Windows-11-10.0.26200-SP0,22,0,0,0,0
2026-02-12T22:54:32.291322+00:00,409.725,194.768,5.857,San José,Costa Rica,"Comunicaciones Metropolitanas METROCOM, S.A.",45.65.190.214,lenovo1,Windows-11-10.0.26200-SP0,22,0,0,0,0
2026-02-12T22:54:59.649001+00:00,92.410,60.333,5.928,San José,Costa Rica,"Comunicaciones Metropolitanas METROCOM, S.A.",45.65.190.214,lenovo1,Windows-11-10.0.26200-SP0,22,0,0,0,0
2026-02-12T22:55:36.556473+00:00,413.489,124.547,6.036,San José,Costa Rica,"Comunicaciones Metropolitanas METROCOM, S.A.",45.65.190.214,lenovo1,Windows-11-10.0.26200-SP0,22,0,0,0,0
2026-02-12T22:56:04.426913+00:00,461.094,47.579,6.475,San José,Costa Rica,"Comunicaciones Metropolitanas METROCOM, S.A.",45.65.190.214,lenovo1,Windows-11-10.0.26200-SP0,22,0,0,0,0
2026-02-12T22:56:22.902336+00:00,453.730,234.271,5.914,San José,Costa Rica,"Comunicaciones Metropolitanas METROCOM, S.A.",45.65.190.214,lenovo1,Windows-11-10.0.26200-SP0,22,0,0,0,0
2026-02-12T22:56:47.682561+00:00,375.774,116.503,5.723,San José,Costa Rica,"Comunicaciones Metropolitanas METROCOM, S.A.",45.65.190.214,lenovo1,Windows-11-10.0.26200-SP0,22,0,0,0,0
2026-02-12T22:57:19.769759+00:00,315.481,119.605,6.392,San José,Costa Rica,"Comunicaciones Metropolitanas METROCOM, S.A.",45.65.190.214,lenovo1,Windows-11-10.0.26200-SP0,22,0,0,0,0
2026-02-12T22:57:48.768838+00:00,292.218,126.061,5.856,San José,Costa Rica,"Comunicaciones Metropolitanas METROCOM, S.A.",45.65.190.214,lenovo1,Windows-11-10.0.26200-SP0,22,0,0,0,0
2026-02-12T22:58:20.949790+00:00,112.850,138.110,7.841,San José,Costa Rica,"Comunicaciones Metropolitanas METROCOM, S.A.",45.65.190.214,lenovo1,Windows-11-10.0.26200-SP0,22,0,0,0,0
2026-02-12T22:58:47.623720+00:00,443.945,116.406,6.542,San José,Costa Rica,"Comunicaciones Metropolitanas METROCOM, S.A.",45.65.190.214,lenovo1,Windows-11-10.0.26200-SP0,22,0,0,0,0
2026-02-12T22:59:14.988813+00:00,390.962,178.826,11.030,San José,Costa Rica,"Comunicaciones Metropolitanas METROCOM, S.A.",45.65.190.214,lenovo1,Windows-11-10.0.26200-SP0,22,0,0,0,0
2026-02-12T22:59:54.331182+00:00,189.138,58.948,9.349,San José,Costa Rica,"Comunicaciones Metropolitanas METROCOM, S.A.",45.65.190.214,lenovo1,Windows-11-10.0.26200-SP0,22,0,0,0,0
2026-02-12T23:00:49.059740+00:00,0.990,3.360,21.154,San José,Costa Rica,"Comunicaciones Metropolitanas METROCOM, S.A.",45.65.190.214,lenovo1,Windows-11-10.0.26200-SP0,23,0,0,1,1
2026-02-12T23:14:18.218446+00:00,228.486,88.449,6.790,San José,Costa Rica,"Comunicaciones Metropolitanas METROCOM, S.A.",45.65.190.214,lenovo1,Windows-11-10.0.26200-SP0,23,0,0,0,0
2026-02-12T23:18:06.350604+00:00,344.310,106.336,8.727,San José,Costa Rica,"Comunicaciones Metropolitanas METROCOM, S.A.",45.65.190.214,lenovo1,Windows-11-10.0.26200-SP0,23,0,0,0,0
2026-02-12T23:18:33.071255+00:00,66.514,52.031,7.032,San José,Costa Rica,"Comunicaciones Metropolitanas METROCOM, S.A.",45.65.190.214,lenovo1,Windows-11-10.0.26200-SP0,23,0,0,0,0
2026-02-12T23:22:24.152009+00:00,553.560,238.620,6.360,San José,Costa Rica,"Comunicaciones Metropolitanas METROCOM, S.A.",45.65.190.214,lenovo1,Windows-11-10.0.26200-SP0,23,0,0,0,0
2026-02-12T23:22:55.446246+00:00,411.495,41.869,5.908,San José,Costa Rica,"Comunicaciones Metropolitanas METROCOM, S.A.",45.65.190.214,lenovo1,Windows-11-10.0.26200-SP0,23,0,0,0,0
2026-02-12T23:23:17.470475+00:00,519.783,123.985,5.930,San José,Costa Rica,"Comunicaciones Metropolitanas METROCOM, S.A.",45.65.190.214,lenovo1,Windows-11-10.0.26200-SP0,23,0,0,0,0
2026-02-12T23:37:37.623834+00:00,67.337,150.369,13.645,San José,Costa Rica,"Comunicaciones Metropolitanas METROCOM, S.A.",45.65.190.214,lenovo1,Windows-11-10.0.26200-SP0,23,0,0,0,0
2026-02-12T23:39:15.827803+00:00,33.543,66.492,6.046,San José,Costa Rica,"Comunicaciones Metropolitanas METROCOM, S.A.",45.65.190.214,lenovo1,Windows-11-10.0.26200-SP0,23,0,0,0,0
2026-02-12T23:39:52.480491+00:00,349.066,4.187,6.061,San José,Costa Rica,"Comunicaciones Metropolitanas METROCOM, S.A.",45.65.190.214,lenovo1,Windows-11-10.0.26200-SP0,23,0,0,0,0
2026-02-12T23:40:27.186513+00:00,87.222,177.324,6.241,San José,Costa Rica,"Comunicaciones Metropolitanas METROCOM, S.A.",45.65.190.214,lenovo1,Windows-11-10.0.26200-SP0,23,0,0,0,0
2026-02-12T23:40:55.895114+00:00,88.951,60.972,7.005,San José,Costa Rica,"Comunicaciones Metropolitanas METROCOM, S.A.",45.65.190.214,lenovo1,Windows-11-10.0.26200-SP0,23,0,0,0,0
2026-02-12T23:41:21.629769+00:00,552.382,58.863,5.696,San José,Costa Rica,"Comunicaciones Metropolitanas METROCOM, S.A.",45.65.190.214,lenovo1,Windows-11-10.0.26200-SP0,23,0,0,0,0
2026-02-12T23:41:57.660675+00:00,35.140,127.389,5.785,San José,Costa Rica,"Comunicaciones Metropolitanas METROCOM, S.A.",45.65.190.214,lenovo1,Windows-11-10.0.26200-SP0,23,0,0,0,0
2026-02-12T23:42:33.102119+00:00,51.859,15.661,173.679,San José,Costa Rica,"Comunicaciones Metropolitanas METROCOM, S.A.",45.65.190.214,lenovo1,Windows-11-10.0.26200-SP0,23,0,0,1,1
2026-02-12T23:43:05.539857+00:00,144.226,42.671,6.629,San José,Costa Rica,"Comunicaciones Metropolitanas METROCOM, S.A.",45.65.190.214,lenovo1,Windows-11-10.0.26200-SP0,23,0,0,0,0
2026-02-12T23:43:50.140548+00:00,24.634,2.495,8.874,San José,Costa Rica,"Comunicaciones Metropolitanas METROCOM, S.A.",45.65.190.214,lenovo1,Windows-11-10.0.26200-SP0,23,0,0,0,0
2026-02-12T23:44:33.651044+00:00,169.645,64.780,182.274,San José,Costa Rica,"Comunicaciones Metropolitanas METROCOM, S.A.",45.65.190.214,lenovo1,Windows-11-10.0.26200-SP0,23,0,0,1,1
2026-02-12T23:45:14.971653+00:00,78.653,29.631,5.643,San José,Costa Rica,"Comunicaciones Metropolitanas METROCOM, S.A.",45.65.190.214,lenovo1,Windows-11-10.0.26200-SP0,23,0,0,0,0
2026-02-12T23:45:55.973888+00:00,368.237,101.939,5.934,San José,Costa Rica,"Comunicaciones Metropolitanas METROCOM, S.A.",45.65.190.214,lenovo1,Windows-11-10.0.26200-SP0,23,0,0,0,0
2026-02-12T23:46:38.024493+00:00,446.825,42.589,5.851,San José,Costa Rica,"Comunicaciones Metropolitanas METROCOM, S.A.",45.65.190.214,lenovo1,Windows-11-10.0.26200-SP0,23,0,0,0,0
2026-02-12T23:47:17.867692+00:00,74.824,5.750,21.974,San José,Costa Rica,"Comunicaciones Metropolitanas METROCOM, S.A.",45.65.190.214,lenovo1,Windows-11-10.0.26200-SP0,23,0,0,1,1
2026-02-13T00:21:48.757091+00:00,232.245,151.473,5.871,San José,Costa Rica,"Comunicaciones Metropolitanas METROCOM, S.A.",45.65.190.214,lenovo1,Windows-11-10.0.26200-SP0,0,0,0,0,0
2026-02-13T00:23:57.976205+00:00,47.135,90.157,6.531,San José,Costa Rica,"Comunicaciones Metropolitanas METROCOM, S.A.",45.65.190.214,lenovo1,Windows-11-10.0.26200-SP0,0,0,0,0,0
2026-02-13T00:25:34.887234+00:00,214.555,28.790,6.061,San José,Costa Rica,"Comunicaciones Metropolitanas METROCOM, S.A.",45.65.190.214,lenovo1,Windows-11-10.0.26200-SP0,0,0,0,0,0
2026-02-13T00:27:09.813223+00:00,203.287,35.299,21.591,San José,Costa Rica,"Comunicaciones Metropolitanas METROCOM, S.A.",45.65.190.214,lenovo1,Windows-11-10.0.26200-SP0,0,0,0,1,1
2026-02-13T00:28:19.476908+00:00,204.152,21.734,7.230,San José,Costa Rica,"Comunicaciones Metropolitanas METROCOM, S.A.",45.65.190.214,lenovo1,Windows-11-10.0.26200-SP0,0,0,0,0,0
2026-02-13T00:28:35.854168+00:00,165.291,10.528,6.157,San José,Costa Rica,"Comunicaciones Metropolitanas METROCOM, S.A.",45.65.190.214,lenovo1,Windows-11-10.0.26200-SP0,0,0,0,0,0
2026-02-13T00:33:40.350333+00:00,10.710,104.187,5.886,San José,Costa Rica,"Comunicaciones Metropolitanas METROCOM, S.A.",45.65.190.214,lenovo1,Windows-11-10.0.26200-SP0,0,0,0,0,0
2026-02-13T00:34:23.601903+00:00,37.412,86.946,12.144,San José,Costa Rica,"Comunicaciones Metropolitanas METROCOM, S.A.",45.65.190.214,lenovo1,Windows-11-10.0.26200-SP0,0,0,0,0,0
2026-02-13T00:35:09.123078+00:00,356.844,1.846,5.939,San José,Costa Rica,"Comunicaciones Metropolitanas METROCOM, S.A.",45.65.190.214,lenovo1,Windows-11-10.0.26200-SP0,0,0,0,0,0
2026-02-13T14:54:00.078950+00:00,388.703,328.562,10.988,San José,Costa Rica,"Comunicaciones Metropolitanas METROCOM, S.A.",45.65.190.214,lenovo1,Windows-11-10.0.26200-SP0,14,0,0,0,0
2026-02-13T14:55:09.739735+00:00,566.895,410.438,4.470,San José,Costa Rica,"Comunicaciones Metropolitanas METROCOM, S.A.",45.65.190.214,lenovo1,Windows-11-10.0.26200-SP0,14,0,1,0,1
2026-02-13T15:01:47.229968+00:00,560.506,393.188,6.002,San José,Costa Rica,"Comunicaciones Metropolitanas METROCOM, S.A.",45.65.190.214,lenovo1,Windows-11-10.0.26200-SP0,15,0,0,0,0
2026-02-13T15:02:02.364494+00:00,536.710,382.198,7.383,San José,Costa Rica,"Comunicaciones Metropolitanas METROCOM, S.A.",45.65.190.214,lenovo1,Windows-11-10.0.26200-SP0,15,0,0,0,0
2026-02-13T15:02:16.939488+00:00,564.307,433.070,3.796,San José,Costa Rica,"Comunicaciones Metropolitanas METROCOM, S.A.",45.65.190.214,lenovo1,Windows-11-10.0.26200-SP0,15,0,1,0,1
2026-02-13T15:02:32.479024+00:00,515.012,377.620,3.539,San José,Costa Rica,"Comunicaciones Metropolitanas METROCOM, S.A.",45.65.190.214,lenovo1,Windows-11-10.0.26200-SP0,15,0,0,0,0
2026-02-13T15:02:47.804577+00:00,498.553,419.540,6.755,San José,Costa Rica,"Comunicaciones Metropolitanas METROCOM, S.A.",45.65.190.214,lenovo1,Windows-11-10.0.26200-SP0,15,0,1,0,1
2026-02-13T15:03:48.242724+00:00,569.133,423.877,3.343,San José,Costa Rica,"Comunicaciones Metropolitanas METROCOM, S.A.",45.65.190.214,lenovo1,Windows-11-10.0.26200-SP0,15,0,1,0,1
2026-02-13T15:04:02.899587+00:00,561.664,410.872,6.290,San José,Costa Rica,"Comunicaciones Metropolitanas METROCOM, S.A.",45.65.190.214,lenovo1,Windows-11-10.0.26200-SP0,15,0,1,0,1
2026-02-13T15:04:17.330469+00:00,573.255,441.529,7.198,San José,Costa Rica,"Comunicaciones Metropolitanas METROCOM, S.A.",45.65.190.214,lenovo1,Windows-11-10.0.26200-SP0,15,0,1,0,1
2026-02-13T15:05:01.618147+00:00,569.011,405.767,6.278,San José,Costa Rica,"Comunicaciones Metropolitanas METROCOM, S.A.",45.65.190.214,lenovo1,Windows-11-10.0.26200-SP0,15,0,1,0,1
2026-02-13T15:05:16.164098+00:00,564.518,415.505,3.621,San José,Costa Rica,"Comunicaciones Metropolitanas METROCOM, S.A.",45.65.190.214,lenovo1,Windows-11-10.0.26200-SP0,15,0,1,0,1
2026-02-13T15:05:30.892348+00:00,570.882,387.134,3.638,San José,Costa Rica,"Comunicaciones Metropolitanas METROCOM, S.A.",45.65.190.214,lenovo1,Windows-11-10.0.26200-SP0,15,0,0,0,0
2026-02-13T15:06:15.634118+00:00,571.378,393.065,3.436,San José,Costa Rica,"Comunicaciones Metropolitanas METROCOM, S.A.",45.65.190.214,lenovo1,Windows-11-10.0.26200-SP0,15,0,0,0,0
2026-02-13T15:06:56.776373+00:00,0.995,1.652,7.042,San José,Costa Rica,"Comunicaciones Metropolitanas METROCOM, S.A.",45.65.190.214,lenovo1,Windows-11-10.0.26200-SP0,15,0,0,0,0
2026-02-13T15:07:26.258392+00:00,566.768,370.688,4.119,San José,Costa Rica,"Comunicaciones Metropolitanas METROCOM, S.A.",45.65.190.214,lenovo1,Windows-11-10.0.26200-SP0,15,0,0,0,0
2026-02-13T15:08:10.124455+00:00,578.515,433.048,6.499,San José,Costa Rica,"Comunicaciones Metropolitanas METROCOM, S.A.",45.65.190.214,lenovo1,Windows-11-10.0.26200-SP0,15,0,1,0,1
2026-02-13T15:08:24.483371+00:00,572.912,429.194,5.225,San José,Costa Rica,"Comunicaciones Metropolitanas METROCOM, S.A.",45.65.190.214,lenovo1,Windows-11-10.0.26200-SP0,15,0,1,0,1
2026-02-13T15:09:10.904374+00:00,0.996,1.425,4.051,San José,Costa Rica,"Comunicaciones Metropolitanas METROCOM, S.A.",45.65.190.214,lenovo1,Windows-11-10.0.26200-SP0,15,0,0,0,0
2026-02-13T15:09:51.947593+00:00,1.038,1.665,3.108,San José,Costa Rica,"Comunicaciones Metropolitanas METROCOM, S.A.",45.65.190.214,lenovo1,Windows-11-10.0.26200-SP0,15,0,0,0,0
2026-02-13T15:11:07.321217+00:00,572.695,151.984,4.043,San José,Costa Rica,"Comunicaciones Metropolitanas METROCOM, S.A.",45.65.190.214,lenovo1,Windows-11-10.0.26200-SP0,15,0,0,0,0
2026-02-13T15:11:31.987258+00:00,347.431,142.891,4.812,San José,Costa Rica,"Comunicaciones Metropolitanas METROCOM, S.A.",45.65.190.214,lenovo1,Windows-11-10.0.26200-SP0,15,0,0,0,0
2026-02-13T15:12:08.000697+00:00,502.835,346.903,3.702,San José,Costa Rica,"Comunicaciones Metropolitanas METROCOM, S.A.",45.65.190.214,lenovo1,Windows-11-10.0.26200-SP0,15,0,0,0,0
2026-02-13T15:12:50.155916+00:00,247.813,52.016,6.306,San José,Costa Rica,"Comunicaciones Metropolitanas METROCOM, S.A.",45.65.190.214,lenovo1,Windows-11-10.0.26200-SP0,15,0,0,0,0
2026-02-13T15:14:17.259485+00:00,0.987,1.359,3.174,San José,Costa Rica,"Comunicaciones Metropolitanas METROCOM, S.A.",45.65.190.214,lenovo1,Windows-11-10.0.26200-SP0,15,0,0,0,0
2026-02-13T15:14:37.546720+00:00,498.946,289.455,6.567,San José,Costa Rica,"Comunicaciones Metropolitanas METROCOM, S.A.",45.65.190.214,lenovo1,Windows-11-10.0.26200-SP0,15,0,0,0,0
2026-02-13T15:14:55.821901+00:00,448.567,249.661,5.676,San José,Costa Rica,"Comunicaciones Metropolitanas METROCOM, S.A.",45.65.190.214,lenovo1,Windows-11-10.0.26200-SP0,15,0,0,0,0
2026-02-13T15:15:47.061639+00:00,578.720,250.047,5.326,San José,Costa Rica,"Comunicaciones Metropolitanas METROCOM, S.A.",45.65.190.214,lenovo1,Windows-11-10.0.26200-SP0,15,0,0,0,0
2026-02-13T15:16:02.209319+00:00,529.970,411.719,3.779,San José,Costa Rica,"Comunicaciones Metropolitanas METROCOM, S.A.",45.65.190.214,lenovo1,Windows-11-10.0.26200-SP0,15,0,1,0,1
2026-02-13T15:16:17.409731+00:00,578.246,343.623,5.598,San José,Costa Rica,"Comunicaciones Metropolitanas METROCOM, S.A.",45.65.190.214,lenovo1,Windows-11-10.0.26200-SP0,15,0,0,0,0
2026-02-13T15:16:33.743886+00:00,523.529,296.935,7.962,San José,Costa Rica,"Comunicaciones Metropolitanas METROCOM, S.A.",45.65.190.214,lenovo1,Windows-11-10.0.26200-SP0,15,0,0,0,0
2026-02-13T15:17:09.518927+00:00,524.251,305.743,4.258,San José,Costa Rica,"Comunicaciones Metropolitanas METROCOM, S.A.",45.65.190.214,lenovo1,Windows-11-10.0.26200-SP0,15,0,0,0,0
2026-02-13T15:17:29.486822+00:00,424.342,257.835,10.942,San José,Costa Rica,"Comunicaciones Metropolitanas METROCOM, S.A.",45.65.190.214,lenovo1,Windows-11-10.0.26200-SP0,15,0,0,0,0
2026-02-13T15:18:08.158835+00:00,413.534,348.030,5.373,San José,Costa Rica,"Comunicaciones Metropolitanas METROCOM, S.A.",45.65.190.214,lenovo1,Windows-11-10.0.26200-SP0,15,0,0,0,0
2026-02-13T15:19:05.708791+00:00,0.991,1.663,3.667,San José,Costa Rica,"Comunicaciones Metropolitanas METROCOM, S.A.",45.65.190.214,lenovo1,Windows-11-10.0.26200-SP0,15,0,0,0,0
2026-02-13T15:20:03.964394+00:00,573.633,444.045,3.441,San José,Costa Rica,"Comunicaciones Metropolitanas METROCOM, S.A.",45.65.190.214,lenovo1,Windows-11-10.0.26200-SP0,15,0,1,0,1
2026-02-13T15:20:18.165755+00:00,582.317,437.106,3.325,San José,Costa Rica,"Comunicaciones Metropolitanas METROCOM, S.A.",45.65.190.214,lenovo1,Windows-11-10.0.26200-SP0,15,0,1,0,1
2026-02-13T15:20:46.701776+00:00,581.134,432.733,3.304,San José,Costa Rica,"Comunicaciones Metropolitanas METROCOM, S.A.",45.65.190.214,lenovo1,Windows-11-10.0.26200-SP0,15,0,1,0,1
2026-02-13T15:23:55.967670+00:00,545.811,437.566,3.504,San José,Costa Rica,"Comunicaciones Metropolitanas METROCOM, S.A.",45.65.190.214,lenovo1,Windows-11-10.0.26200-SP0,15,0,1,0,1
2026-02-13T15:24:10.469241+00:00,566.145,437.582,3.229,San José,Costa Rica,"Comunicaciones Metropolitanas METROCOM, S.A.",45.65.190.214,lenovo1,Windows-11-10.0.26200-SP0,15,0,1,0,1
2026-02-13T15:24:39.300659+00:00,575.303,425.170,3.334,San José,Costa Rica,"Comunicaciones Metropolitanas METROCOM, S.A.",45.65.190.214,lenovo1,Windows-11-10.0.26200-SP0,15,0,1,0,1
2026-02-13T15:24:53.502664+00:00,579.196,446.067,3.320,San José,Costa Rica,"Comunicaciones Metropolitanas METROCOM, S.A.",45.65.190.214,lenovo1,Windows-11-10.0.26200-SP0,15,0,1,0,1
2026-02-13T15:25:07.899409+00:00,581.208,425.397,3.165,San José,Costa Rica,"Comunicaciones Metropolitanas METROCOM, S.A.",45.65.190.214,lenovo1,Windows-11-10.0.26200-SP0,15,0,1,0,1
2026-02-13T15:25:51.196665+00:00,576.072,443.839,3.453,San José,Costa Rica,"Comunicaciones Metropolitanas METROCOM, S.A.",45.65.190.214,lenovo1,Windows-11-10.0.26200-SP0,15,0,1,0,1
2026-02-13T15:26:32.174864+00:00,0.795,1.942,3.163,San José,Costa Rica,"Comunicaciones Metropolitanas METROCOM, S.A.",45.65.190.214,lenovo1,Windows-11-10.0.26200-SP0,15,0,0,0,0
2026-02-13T15:26:46.956335+00:00,573.564,405.456,6.618,San José,Costa Rica,"Comunicaciones Metropolitanas METROCOM, S.A.",45.65.190.214,lenovo1,Windows-11-10.0.26200-SP0,15,0,1,0,1
2026-02-13T15:27:01.742593+00:00,562.475,403.204,3.954,San José,Costa Rica,"Comunicaciones Metropolitanas METROCOM, S.A.",45.65.190.214,lenovo1,Windows-11-10.0.26200-SP0,15,0,1,0,1
2026-02-13T15:27:16.345468+00:00,563.576,418.283,5.731,San José,Costa Rica,"Comunicaciones Metropolitanas METROCOM, S.A.",45.65.190.214,lenovo1,Windows-11-10.0.26200-SP0,15,0,1,0,1
2026-02-13T15:27:31.213518+00:00,566.854,398.280,4.284,San José,Costa Rica,"Comunicaciones Metropolitanas METROCOM, S.A.",45.65.190.214,lenovo1,Windows-11-10.0.26200-SP0,15,0,0,0,0
2026-02-13T15:28:15.883136+00:00,558.294,404.321,8.370,San José,Costa Rica,"Comunicaciones Metropolitanas METROCOM, S.A.",45.65.190.214,lenovo1,Windows-11-10.0.26200-SP0,15,0,1,0,1
2026-02-13T15:28:30.368248+00:00,571.702,428.137,3.810,San José,Costa Rica,"Comunicaciones Metropolitanas METROCOM, S.A.",45.65.190.214,lenovo1,Windows-11-10.0.26200-SP0,15,0,1,0,1
2026-02-13T15:29:15.370136+00:00,579.447,390.605,4.301,San José,Costa Rica,"Comunicaciones Metropolitanas METROCOM, S.A.",45.65.190.214,lenovo1,Windows-11-10.0.26200-SP0,15,0,0,0,0
2026-02-13T15:29:29.881976+00:00,570.497,417.344,3.767,San José,Costa Rica,"Comunicaciones Metropolitanas METROCOM, S.A.",45.65.190.214,lenovo1,Windows-11-10.0.26200-SP0,15,0,1,0,1
2026-02-13T15:29:44.600696+00:00,564.936,405.205,3.806,San José,Costa Rica,"Comunicaciones Metropolitanas METROCOM, S.A.",45.65.190.214,lenovo1,Windows-11-10.0.26200-SP0,15,0,1,0,1
2026-02-13T15:31:12.483220+00:00,563.945,343.860,3.800,San José,Costa Rica,"Comunicaciones Metropolitanas METROCOM, S.A.",45.65.190.214,lenovo1,Windows-11-10.0.26200-SP0,15,0,0,0,0
2026-02-13T15:31:59.339780+00:00,549.563,413.696,7.894,San José,Costa Rica,"Comunicaciones Metropolitanas METROCOM, S.A.",45.65.190.214,lenovo1,Windows-11-10.0.26200-SP0,15,0,1,0,1
2026-02-13T15:32:28.930780+00:00,565.240,407.170,7.035,San José,Costa Rica,"Comunicaciones Metropolitanas METROCOM, S.A.",45.65.190.214,lenovo1,Windows-11-10.0.26200-SP0,15,0,1,0,1
2026-02-13T15:32:58.878150+00:00,576.642,403.912,3.690,San José,Costa Rica,"Comunicaciones Metropolitanas METROCOM, S.A.",45.65.190.214,lenovo1,Windows-11-10.0.26200-SP0,15,0,1,0,1
2026-02-13T15:33:13.418375+00:00,570.450,417.956,4.325,San José,Costa Rica,"Comunicaciones Metropolitanas METROCOM, S.A.",45.65.190.214,lenovo1,Windows-11-10.0.26200-SP0,15,0,1,0,1
2026-02-13T15:33:29.221029+00:00,559.016,413.709,4.114,San José,Costa Rica,"Comunicaciones Metropolitanas METROCOM, S.A.",45.65.190.214,lenovo1,Windows-11-10.0.26200-SP0,15,0,1,0,1
2026-02-13T15:33:44.239769+00:00,545.743,394.887,3.686,San José,Costa Rica,"Comunicaciones Metropolitanas METROCOM, S.A.",45.65.190.214,lenovo1,Windows-11-10.0.26200-SP0,15,0,0,0,0
2026-02-13T15:34:13.396119+00:00,577.095,415.780,4.080,San José,Costa Rica,"Comunicaciones Metropolitanas METROCOM, S.A.",45.65.190.214,lenovo1,Windows-11-10.0.26200-SP0,15,0,1,0,1
2026-02-13T15:34:28.496025+00:00,554.654,386.117,4.200,San José,Costa Rica,"Comunicaciones Metropolitanas METROCOM, S.A.",45.65.190.214,lenovo1,Windows-11-10.0.26200-SP0,15,0,0,0,0
2026-02-13T15:35:13.871053+00:00,564.177,398.298,3.678,San José,Costa Rica,"Comunicaciones Metropolitanas METROCOM, S.A.",45.65.190.214,lenovo1,Windows-11-10.0.26200-SP0,15,0,0,0,0
2026-02-13T15:36:00.073232+00:00,0.996,1.654,5.602,San José,Costa Rica,"Comunicaciones Metropolitanas METROCOM, S.A.",45.65.190.214,lenovo1,Windows-11-10.0.26200-SP0,15,0,0,0,0
2026-02-13T15:36:15.075912+00:00,561.547,382.222,5.036,San José,Costa Rica,"Comunicaciones Metropolitanas METROCOM, S.A.",45.65.190.214,lenovo1,Windows-11-10.0.26200-SP0,15,0,0,0,0
2026-02-13T15:36:44.241964+00:00,562.713,438.366,3.530,San José,Costa Rica,"Comunicaciones Metropolitanas METROCOM, S.A.",45.65.190.214,lenovo1,Windows-11-10.0.26200-SP0,15,0,1,0,1
2026-02-13T15:37:26.450012+00:00,0.995,2.071,6.762,San José,Costa Rica,"Comunicaciones Metropolitanas METROCOM, S.A.",45.65.190.214,lenovo1,Windows-11-10.0.26200-SP0,15,0,0,0,0
2026-02-13T15:37:41.835789+00:00,575.643,366.992,6.707,San José,Costa Rica,"Comunicaciones Metropolitanas METROCOM, S.A.",45.65.190.214,lenovo1,Windows-11-10.0.26200-SP0,15,0,0,0,0
2026-02-13T15:37:56.555991+00:00,558.710,413.379,3.346,San José,Costa Rica,"Comunicaciones Metropolitanas METROCOM, S.A.",45.65.190.214,lenovo1,Windows-11-10.0.26200-SP0,15,0,1,0,1
2026-02-13T15:38:26.629737+00:00,563.317,408.210,4.317,San José,Costa Rica,"Comunicaciones Metropolitanas METROCOM, S.A.",45.65.190.214,lenovo1,Windows-11-10.0.26200-SP0,15,0,1,0,1
2026-02-13T15:38:41.555965+00:00,571.804,378.717,4.430,San José,Costa Rica,"Comunicaciones Metropolitanas METROCOM, S.A.",45.65.190.214,lenovo1,Windows-11-10.0.26200-SP0,15,0,0,0,0
2026-02-13T15:39:41.739355+00:00,563.750,343.698,7.518,San José,Costa Rica,"Comunicaciones Metropolitanas METROCOM, S.A.",45.65.190.214,lenovo1,Windows-11-10.0.26200-SP0,15,0,0,0,0
2026-02-13T15:40:12.622768+00:00,555.931,360.465,8.572,San José,Costa Rica,"Comunicaciones Metropolitanas METROCOM, S.A.",45.65.190.214,lenovo1,Windows-11-10.0.26200-SP0,15,0,0,0,0
2026-02-13T15:41:30.793979+00:00,0.788,1.445,6.738,San José,Costa Rica,"Comunicaciones Metropolitanas METROCOM, S.A.",45.65.190.214,lenovo1,Windows-11-10.0.26200-SP0,15,0,0,0,0
2026-02-13T15:42:07.140168+00:00,1.697,1.107,6.484,San José,Costa Rica,"Comunicaciones Metropolitanas METROCOM, S.A.",45.65.190.214,lenovo1,Windows-11-10.0.26200-SP0,15,0,0,0,0
2026-02-13T15:42:24.147754+00:00,495.348,285.570,8.427,San José,Costa Rica,"Comunicaciones Metropolitanas METROCOM, S.A.",45.65.190.214,lenovo1,Windows-11-10.0.26200-SP0,15,0,0,0,0
2026-02-13T15:42:40.837769+00:00,490.889,396.371,6.575,San José,Costa Rica,"Comunicaciones Metropolitanas METROCOM, S.A.",45.65.190.214,lenovo1,Windows-11-10.0.26200-SP0,15,0,0,0,0
2026-02-13T15:43:11.989383+00:00,581.291,325.505,8.847,San José,Costa Rica,"Comunicaciones Metropolitanas METROCOM, S.A.",45.65.190.214,lenovo1,Windows-11-10.0.26200-SP0,15,0,0,0,0
2026-02-13T15:44:12.694642+00:00,0.992,1.618,8.151,San José,Costa Rica,"Comunicaciones Metropolitanas METROCOM, S.A.",45.65.190.214,lenovo1,Windows-11-10.0.26200-SP0,15,0,0,0,0
2026-02-13T15:44:31.771944+00:00,482.566,191.697,4.431,San José,Costa Rica,"Comunicaciones Metropolitanas METROCOM, S.A.",45.65.190.214,lenovo1,Windows-11-10.0.26200-SP0,15,0,0,0,0
2026-02-13T15:45:27.844981+00:00,0.993,1.911,4.042,San José,Costa Rica,"Comunicaciones Metropolitanas METROCOM, S.A.",45.65.190.214,lenovo1,Windows-11-10.0.26200-SP0,15,0,0,0,0
2026-02-13T15:47:00.177142+00:00,0.995,1.042,3.206,San José,Costa Rica,"Comunicaciones Metropolitanas METROCOM, S.A.",45.65.190.214,lenovo1,Windows-11-10.0.26200-SP0,15,0,0,0,0
2026-02-13T15:47:59.421294+00:00,460.978,177.092,11.974,San José,Costa Rica,"Comunicaciones Metropolitanas METROCOM, S.A.",45.65.190.214,lenovo1,Windows-11-10.0.26200-SP0,15,0,0,0,0
2026-02-13T15:48:21.560997+00:00,209.576,158.834,6.061,San José,Costa Rica,"Comunicaciones Metropolitanas METROCOM, S.A.",45.65.190.214,lenovo1,Windows-11-10.0.26200-SP0,15,0,0,0,0
2026-02-13T15:48:45.561082+00:00,331.629,196.260,26.302,San José,Costa Rica,"Comunicaciones Metropolitanas METROCOM, S.A.",45.65.190.214,lenovo1,Windows-11-10.0.26200-SP0,15,0,0,1,1
2026-02-13T15:50:07.786673+00:00,521.310,380.175,8.292,San José,Costa Rica,"Comunicaciones Metropolitanas METROCOM, S.A.",45.65.190.214,lenovo1,Windows-11-10.0.26200-SP0,15,0,0,0,0
2026-02-13T15:50:15.270366+00:00,0.389,0.209,10.182,San José,Costa Rica,"Comunicaciones Metropolitanas METROCOM, S.A.",45.65.190.214,lenovo1,Windows-11-10.0.26200-SP0,15,0,0,0,0
2026-02-13T15:51:29.261788+00:00,0.382,0.920,7.179,San José,Costa Rica,"Comunicaciones Metropolitanas METROCOM, S.A.",45.65.190.214,lenovo1,Windows-11-10.0.26200-SP0,15,0,0,0,0
2026-02-13T15:52:37.500330+00:00,0.738,1.248,5.288,San José,Costa Rica,"Comunicaciones Metropolitanas METROCOM, S.A.",45.65.190.214,lenovo1,Windows-11-10.0.26200-SP0,15,0,0,0,0
2026-02-13T15:52:56.849472+00:00,0.515,1.126,3.478,San José,Costa Rica,"Comunicaciones Metropolitanas METROCOM, S.A.",45.65.190.214,lenovo1,Windows-11-10.0.26200-SP0,15,0,0,0,0
2026-02-13T15:53:20.284654+00:00,319.606,217.467,6.317,San José,Costa Rica,"Comunicaciones Metropolitanas METROCOM, S.A.",45.65.190.214,lenovo1,Windows-11-10.0.26200-SP0,15,0,0,0,0
2026-02-13T15:53:20.965941+00:00,239.272,172.114,19.593,San José,Costa Rica,"Comunicaciones Metropolitanas METROCOM, S.A.",45.65.190.214,lenovo1,Windows-11-10.0.26200-SP0,15,0,0,0,0
2026-02-13T15:54:09.428353+00:00,238.869,163.024,4.303,San José,Costa Rica,"Comunicaciones Metropolitanas METROCOM, S.A.",45.65.190.214,lenovo1,Windows-11-10.0.26200-SP0,15,0,0,0,0
2026-02-13T15:54:09.661661+00:00,220.085,179.227,10.722,San José,Costa Rica,"Comunicaciones Metropolitanas METROCOM, S.A.",45.65.190.214,lenovo1,Windows-11-10.0.26200-SP0,15,0,0,0,0
2026-02-13T15:54:51.518442+00:00,0.389,0.539,7.281,San José,Costa Rica,"Comunicaciones Metropolitanas METROCOM, S.A.",45.65.190.214,lenovo1,Windows-11-10.0.26200-SP0,15,0,0,0,0
